{
  "run_name": "frozen_pos6_10b_s42",
  "mode": "frozen",
  "config": {
    "run_name": "frozen_pos6_10b_s42",
    "mode": "frozen",
    "data": "/mnt/d/tmp/fineweb_10b/fineweb_edu_10b.bin",
    "lr": 0.0002,
    "total_tokens": 10000000000,
    "micro_bs": 16,
    "grad_accum": 4,
    "warmup_tokens": 100000000,
    "eval_every_tokens": 500000000,
    "ckpt_every_tokens": 1000000000,
    "seed": 42,
    "split_start": 6,
    "galore_rank": 256,
    "resume": true
  },
  "eval_tokens": [
    500006912,
    1000013824,
    1500020736,
    2000027648,
    2500001792,
    3000008704,
    3500015616,
    4000022528,
    4500029440,
    5000003584,
    5500010496,
    6000017408,
    6500024320,
    7000031232,
    7500005376,
    8000012288,
    8500019200,
    9000026112,
    9500000256
  ],
  "eval_ppls": [
    52.78853068876767,
    42.1600060932315,
    39.67736875762111,
    37.531897043130044,
    36.876413915016435,
    36.125732121942384,
    35.69344914218264,
    35.425292673645714,
    35.668792332321125,
    35.339821267116065,
    35.22042733990827,
    35.1912379964065,
    35.23665791996621,
    35.19184151190143,
    35.184910223115445,
    35.18987737668525,
    35.19432708456315,
    35.20227524827734,
    35.19512658635718
  ],
  "eval_times": [
    18540.392852783203,
    47407.14607691765,
    6619.312870264053,
    34231.858558893204,
    64733.526975631714,
    94506.49525117874,
    124699.67219614983,
    155051.1542620659,
    186848.30306744576,
    218517.97546172142,
    27494.350138902664,
    55576.76687955856,
    86930.91979551315,
    119175.12383317947,
    147374.46903896332,
    11783.04262471199,
    40534.02083802223,
    23816.84269428253,
    19436.79673266411
  ],
  "initial_ppl": 75648.99282538099,
  "final_ppl": 35.19720740680501,
  "best_ppl": 35.184910223115445,
  "total_time": 54961.84899163246,
  "peak_vram": 10.864008192
}