{
  "run_name": "fullbp_10b_s42",
  "mode": "backprop",
  "config": {
    "run_name": "fullbp_10b_s42",
    "mode": "backprop",
    "data": "/scratch/alpine/jaki3237/hybrid-zo-10b/data/fineweb_edu_10b.bin",
    "lr": 0.0001,
    "total_tokens": 10000000000,
    "micro_bs": 4,
    "grad_accum": 16,
    "warmup_tokens": 100000000,
    "eval_every_tokens": 500000000,
    "ckpt_every_tokens": 500000000,
    "seed": 42,
    "split_start": 6,
    "galore_rank": 256,
    "resume": true
  },
  "eval_tokens": [
    500006912,
    1000013824,
    1500020736,
    2000027648,
    2500001792,
    3000008704,
    3500015616,
    4000022528,
    4500029440,
    5000003584,
    5500010496,
    6000017408,
    6500024320,
    7000031232,
    7500005376,
    8000012288,
    8500019200,
    9000026112,
    9500000256
  ],
  "eval_ppls": [
    58.71833883249761,
    47.22255541252444,
    43.67293610153627,
    41.644631643196846,
    40.76862122109016,
    39.89682242916761,
    39.60657263004461,
    39.30226902703331,
    39.44427197724168,
    39.18637164830322,
    39.071894379571546,
    39.032279219672645,
    39.04581047111439,
    39.00866824200416,
    39.01529217096999,
    39.02591972417755,
    39.02078081263082,
    39.02603147143452,
    39.03013377559997
  ],
  "eval_times": [
    43887.22215175629,
    43912.921328783035,
    43925.5200817585,
    43781.46752715111,
    8745.492103338242,
    52507.9711329937,
    17575.20042157173,
    61402.08789896965,
    26423.54604077339,
    70468.0531475544,
    35579.685955286026,
    80169.35292744637,
    43723.18579673767,
    8742.456458568573,
    52460.96728348732,
    17469.809319257736,
    61347.35143494606,
    26232.579394102097,
    70354.19434165955
  ],
  "initial_ppl": 75645.95127434301,
  "final_ppl": 39.03544144048314,
  "best_ppl": 39.00866824200416,
  "total_time": 35189.969428539276,
  "peak_vram": 17.432788992
}