{
  "run_name": "galore_r256_10b_s42",
  "mode": "galore",
  "config": {
    "run_name": "galore_r256_10b_s42",
    "mode": "galore",
    "data": "/scratch/alpine/jaki3237/hybrid-zo-10b/data/fineweb_edu_10b.bin",
    "lr": 0.001,
    "total_tokens": 10000000000,
    "micro_bs": 8,
    "grad_accum": 8,
    "warmup_tokens": 100000000,
    "eval_every_tokens": 500000000,
    "ckpt_every_tokens": 500000000,
    "seed": 42,
    "split_start": 6,
    "galore_rank": 256,
    "resume": true
  },
  "eval_tokens": [
    500006912,
    1000013824,
    1500020736,
    2000027648,
    2500001792,
    3000008704,
    3500015616,
    4000022528,
    4500029440,
    5000003584,
    5500010496,
    6000017408,
    6500024320,
    7000031232,
    7500005376,
    8000012288,
    8500019200,
    9000026112,
    9500000256
  ],
  "eval_ppls": [
    74.45523206273458,
    61.150980406263045,
    56.97645900646765,
    55.06039344647726,
    54.209062704960814,
    53.40593026548127,
    53.05884505844835,
    52.789924958390934,
    52.81499902208388,
    52.59950724970345,
    52.48772064996428,
    52.44521763656665,
    52.44761969350477,
    52.40098207407715,
    52.39210853654331,
    52.3838441016766,
    52.38627494696904,
    52.38373269740249,
    52.37887247947034
  ],
  "eval_times": [
    45515.618691682816,
    45345.59516406059,
    45425.92430615425,
    45591.66186213493,
    9090.926162481308,
    54555.23578453064,
    18623.6176841259,
    65038.86410355568,
    27382.917500019073,
    73052.21425747871,
    36374.13999772072,
    81833.90390849113,
    46336.77521920204,
    9118.721769094467,
    54597.588389635086,
    18165.528995990753,
    63712.70991587639,
    27347.82763671875,
    73074.70577454567
  ],
  "initial_ppl": 75645.95127434301,
  "final_ppl": 52.37578463890631,
  "best_ppl": 52.37887247947034,
  "total_time": 36430.063331365585,
  "peak_vram": 18.484285952
}