{
  "name": "L5_fullrank_90zo_k1",
  "factored": false,
  "split": 2,
  "k": 1,
  "total_params": 1439078400,
  "data_tokens": 80000000,
  "eval_steps": [
    0,
    500,
    1000,
    1500,
    2000,
    2500,
    3000,
    3500,
    4000,
    4500,
    5000,
    5500,
    6000,
    6500,
    7000,
    7500,
    8000,
    8500,
    9000,
    9500,
    10000,
    10500,
    11000,
    11500,
    12000,
    12500,
    13000,
    13500,
    14000,
    14500,
    15000,
    15500,
    16000,
    16500,
    17000,
    17500,
    18000,
    18500,
    19000,
    19500
  ],
  "losses": [
    11.315163612365723,
    6.887383460998535,
    7.170522689819336,
    7.0831379890441895,
    6.672206401824951,
    6.030581951141357,
    6.951709747314453,
    6.488329887390137,
    6.386098861694336,
    5.9005255699157715,
    6.632692337036133,
    7.012526035308838,
    6.371175289154053,
    6.304232597351074,
    6.919178485870361,
    6.53487491607666,
    6.365612506866455,
    6.142669200897217,
    6.301281452178955,
    5.883543491363525,
    6.626985549926758,
    6.104945182800293,
    6.388835430145264,
    5.748917579650879,
    5.718617916107178,
    6.565910339355469,
    6.337028980255127,
    5.907681465148926,
    5.272305965423584,
    6.209546089172363,
    5.614294528961182,
    5.792355060577393,
    6.3183393478393555,
    5.2330780029296875,
    5.998126029968262,
    6.263768196105957,
    6.245023727416992,
    5.692733287811279,
    5.201953411102295,
    6.105671405792236,
    6.06411075592041,
    6.047571659088135,
    6.105952262878418,
    5.381817817687988,
    6.112473487854004,
    5.688746929168701,
    6.002155780792236,
    5.43601131439209,
    6.345175743103027,
    5.667418479919434,
    6.1561784744262695,
    6.259517192840576,
    5.559861183166504,
    5.6573357582092285,
    6.126399517059326,
    5.124868869781494,
    5.297196865081787,
    5.98606538772583,
    6.006022930145264,
    5.632892608642578,
    5.823793411254883,
    5.662901401519775,
    5.787430286407471,
    6.202944278717041,
    5.849026679992676,
    5.735086917877197,
    5.75959587097168,
    5.970592975616455,
    5.732038497924805,
    6.297623157501221,
    6.1250715255737305,
    5.896023750305176,
    5.979794979095459,
    3.7973315715789795,
    5.78486967086792,
    5.893743515014648,
    5.8416619300842285,
    6.00428581237793,
    5.64223051071167,
    5.237803936004639,
    5.924878120422363,
    5.990152835845947,
    5.379676342010498,
    6.1694488525390625,
    5.352476119995117,
    6.166285037994385,
    5.9841694831848145,
    6.12589693069458,
    5.57098913192749,
    5.507167339324951,
    6.17751932144165,
    5.538919925689697,
    5.8892669677734375,
    5.558653831481934,
    5.9503068923950195,
    6.06387186050415,
    5.886425495147705,
    5.2147321701049805,
    5.481381893157959,
    5.75555944442749,
    5.390639781951904,
    5.929590225219727,
    5.692322254180908,
    5.454265117645264,
    5.016249179840088,
    5.1193952560424805,
    5.984323978424072,
    5.889928817749023,
    6.213836669921875,
    5.18930196762085,
    5.456471920013428,
    5.929190635681152,
    5.770472049713135,
    5.8439459800720215,
    5.2319416999816895,
    5.788751602172852,
    6.090960502624512,
    5.507030963897705,
    6.005461692810059,
    5.249685764312744,
    5.6059112548828125,
    5.430202007293701,
    5.8961029052734375,
    5.575807094573975,
    6.008110046386719,
    6.184077262878418,
    6.024071216583252,
    5.634433746337891,
    5.747749328613281,
    5.579586029052734,
    5.92684268951416,
    5.828857898712158,
    6.249778747558594,
    6.529050350189209,
    5.578883647918701,
    4.732850074768066,
    5.757804870605469,
    5.312264919281006,
    4.210399627685547,
    5.705809593200684,
    5.57723331451416,
    5.853308200836182,
    5.965154647827148,
    5.7020721435546875,
    5.601938724517822,
    5.373807907104492,
    4.865431308746338,
    6.107105255126953,
    5.755514621734619,
    5.845214366912842,
    5.570488452911377,
    5.783458232879639,
    5.461816787719727,
    5.030452728271484,
    5.449047088623047,
    5.638923168182373,
    4.698521137237549,
    5.426268577575684,
    5.681535720825195,
    5.489427089691162,
    4.790514945983887,
    5.153589248657227,
    5.9499735832214355,
    5.442951679229736,
    5.324925899505615,
    5.665505409240723,
    5.468390941619873,
    4.670039176940918,
    5.561331272125244,
    5.621922969818115,
    6.187248706817627,
    5.817044258117676,
    4.924891471862793,
    5.524911880493164,
    5.582693576812744,
    6.806778430938721,
    5.481921195983887,
    5.294974327087402,
    5.165279865264893,
    6.504335403442383,
    5.642611503601074,
    5.411257266998291,
    5.140583038330078,
    5.627814769744873,
    5.601844787597656,
    5.434581279754639,
    5.3440752029418945,
    5.800595760345459,
    5.661335468292236,
    5.223077774047852,
    5.416645050048828,
    4.7221903800964355,
    5.876459121704102,
    5.935495376586914,
    5.408330917358398,
    5.421535968780518,
    5.87497615814209,
    5.440753936767578,
    5.668421745300293,
    5.0947675704956055
  ],
  "val_ppls": [
    56959.20167187229,
    941.1789569051183,
    722.5514548628022,
    679.8065681251514,
    625.183192586919,
    579.6514995627775,
    511.18997687267137,
    520.4173577195305,
    471.1570328535014,
    448.00190617413404,
    451.28030659590996,
    434.7477114530663,
    419.8263511047984,
    406.32746093632386,
    407.20591248473227,
    411.7174745672844,
    381.6536872065604,
    366.79559616978463,
    401.1132750460565,
    355.1067811385683,
    342.27925658179186,
    342.31087928515086,
    343.13430854101205,
    326.51291548324616,
    319.3080643864174,
    319.48155066105676,
    318.07966441639735,
    327.8169692122106,
    303.39911862324215,
    310.9311021220497,
    300.9964299148904,
    289.6100351577212,
    308.0208356717199,
    287.9768095039419,
    292.73679767345527,
    306.994095375944,
    281.8092310038596,
    286.2168985354662,
    292.77897646242,
    275.59659330821614
  ],
  "times": [
    10.549132108688354,
    121.00366044044495,
    239.9549322128296,
    359.7002670764923,
    482.17684841156006,
    605.4982988834381,
    724.451544046402,
    838.176607131958,
    950.5132393836975,
    1060.9602978229523,
    1168.3817114830017,
    1272.6039202213287,
    1389.5538966655731,
    1507.4695239067078,
    1625.3298547267914,
    1743.1264069080353,
    1863.7655346393585,
    1984.7544345855713,
    2101.950343847275,
    2211.293053627014,
    2321.0672273635864,
    2437.8257727622986,
    2552.415707588196,
    2666.441073179245,
    2777.3641998767853,
    2886.8965463638306,
    2999.533706188202,
    3113.177682876587,
    3227.456775903702,
    3341.751640319824,
    3455.853745698929,
    3570.038430213928,
    3684.345574617386,
    3795.4222564697266,
    3910.733179807663,
    4031.6990354061127,
    4154.268973350525,
    4280.40523648262,
    4404.195984840393,
    4520.952834844589
  ],
  "final_ppl": 283.5273107111764,
  "total_time": 4638.054677724838,
  "peak_vram": 14.51390208
}