{
  "name": "M1a_sgd_3e4",
  "split": 6,
  "k": 1,
  "lr_back": 0.0003,
  "data_tokens": 80000000,
  "eval_steps": [
    0,
    500,
    1000,
    1500,
    2000,
    2500,
    3000,
    3500,
    4000,
    4500,
    5000,
    5500,
    6000,
    6500,
    7000,
    7500,
    8000,
    8500,
    9000,
    9500,
    10000,
    10500,
    11000,
    11500,
    12000,
    12500,
    13000,
    13500,
    14000,
    14500,
    15000,
    15500,
    16000,
    16500,
    17000,
    17500,
    18000,
    18500,
    19000,
    19500
  ],
  "losses": [
    11.309052467346191,
    6.986300468444824,
    7.176009654998779,
    7.060763359069824,
    6.696221351623535,
    6.016721725463867,
    7.003940582275391,
    6.553694725036621,
    6.357603549957275,
    5.856954097747803,
    6.6096882820129395,
    7.099357604980469,
    6.443432807922363,
    6.315120220184326,
    6.890625,
    6.470738410949707,
    6.37856912612915,
    6.044795513153076,
    6.3071794509887695,
    5.916355609893799,
    6.608341693878174,
    6.086472511291504,
    6.345107078552246,
    5.678177833557129,
    5.632423400878906,
    6.5096635818481445,
    6.257343292236328,
    5.956040382385254,
    5.2878241539001465,
    6.191216945648193,
    5.606761455535889,
    5.81072998046875,
    6.333885192871094,
    5.2134504318237305,
    5.97086238861084,
    6.2477192878723145,
    6.251235485076904,
    5.704161167144775,
    5.161537170410156,
    6.126823902130127,
    6.00570821762085,
    6.011834144592285,
    6.0258026123046875,
    5.287421703338623,
    6.102925777435303,
    5.702881813049316,
    5.947371959686279,
    5.364248275756836,
    6.351146697998047,
    5.694317817687988,
    6.184708118438721,
    6.2614827156066895,
    5.462536334991455,
    5.636462688446045,
    6.1418914794921875,
    5.0580220222473145,
    5.227396011352539,
    5.9024553298950195,
    5.999666690826416,
    5.5520453453063965,
    5.7285284996032715,
    5.515478610992432,
    5.7798542976379395,
    6.192472457885742,
    5.734389305114746,
    5.628852367401123,
    5.633035182952881,
    5.911903381347656,
    5.578927516937256,
    6.183098793029785,
    6.066016674041748,
    5.836713790893555,
    5.923223972320557,
    3.6740803718566895,
    5.674919128417969,
    5.751931667327881,
    5.780202865600586,
    5.925665378570557,
    5.675344944000244,
    5.184837818145752,
    5.901202201843262,
    6.013622283935547,
    5.2837605476379395,
    6.091423988342285,
    5.230869293212891,
    6.112016677856445,
    5.95186185836792,
    6.001562595367432,
    5.445082187652588,
    5.352477550506592,
    6.0487823486328125,
    5.511713981628418,
    5.869603157043457,
    5.476975440979004,
    5.90986442565918,
    5.973968982696533,
    5.900997161865234,
    5.098580360412598,
    5.407371997833252,
    5.794149398803711,
    5.424999713897705,
    6.015995979309082,
    5.643233776092529,
    5.285615921020508,
    4.976687908172607,
    4.943788051605225,
    5.903557777404785,
    5.89139986038208,
    6.107011795043945,
    5.045981407165527,
    5.322540283203125,
    5.780838489532471,
    5.672089099884033,
    5.84602689743042,
    5.185563087463379,
    5.843616008758545,
    6.056662082672119,
    5.355981349945068,
    6.012858867645264,
    5.133584976196289,
    5.712985038757324,
    5.406147003173828,
    5.962197780609131,
    5.575049877166748,
    5.947917461395264,
    6.117936134338379,
    5.85206413269043,
    5.579293727874756,
    5.669547080993652,
    5.655609130859375,
    5.79379415512085,
    5.6833815574646,
    6.295812606811523,
    6.37808895111084,
    5.479258060455322,
    4.619872570037842,
    5.729715824127197,
    5.288959503173828,
    4.169429302215576,
    5.732661247253418,
    5.50175142288208,
    5.842704772949219,
    5.926389694213867,
    5.6719746589660645,
    5.513326644897461,
    5.253061294555664,
    4.729774475097656,
    5.980083465576172,
    5.661367416381836,
    5.830275535583496,
    5.538036823272705,
    5.718719482421875,
    5.428310394287109,
    5.022958755493164,
    5.4456257820129395,
    5.593601703643799,
    4.576773166656494,
    5.388767242431641,
    5.696197986602783,
    5.475916385650635,
    4.692746639251709,
    4.995411396026611,
    5.894321918487549,
    5.392737865447998,
    5.234793186187744,
    5.583034515380859,
    5.470663070678711,
    4.639820098876953,
    5.393326759338379,
    5.490597248077393,
    6.054268836975098,
    5.729221820831299,
    4.840507984161377,
    5.485977649688721,
    5.620842456817627,
    6.831920623779297,
    5.402249336242676,
    5.280686378479004,
    5.205399036407471,
    6.4999847412109375,
    5.4637908935546875,
    5.35892391204834,
    5.079087257385254,
    5.527499675750732,
    5.548254013061523,
    5.326681613922119,
    5.256865501403809,
    5.68457555770874,
    5.686640739440918,
    5.142523765563965,
    5.406634330749512,
    4.607221603393555,
    5.8390421867370605,
    5.9227094650268555,
    5.385672569274902,
    5.349928379058838,
    5.812119483947754,
    5.520298004150391,
    5.489847183227539,
    4.9033966064453125
  ],
  "val_ppls": [
    50293.79782999121,
    940.5000071841171,
    712.9762620431139,
    657.6833529266942,
    630.383626266206,
    571.2080400438315,
    504.05822093942226,
    511.69544460749233,
    455.98950517087064,
    438.3064881487673,
    435.3017205249658,
    417.8162204098653,
    405.906663176101,
    392.3280228323167,
    383.3084758698089,
    385.51871818545584,
    350.3621312789423,
    341.997958778993,
    367.98226822828366,
    332.95176928783553,
    325.4928274650383,
    320.7769100642765,
    319.43093125603804,
    310.31478812305613,
    304.86930332526936,
    302.8614521687578,
    297.8884971685059,
    312.28467111934214,
    284.57616381950976,
    294.88012849420255,
    282.6917239893521,
    270.6012783965584,
    290.9936573123704,
    270.9684619641977,
    268.0432758836334,
    281.06081683003873,
    262.7412798677222,
    266.58618723910206,
    267.25231266966557,
    252.91176628141048
  ],
  "times": [
    10.691128015518188,
    107.1913628578186,
    218.22616004943848,
    324.24659395217896,
    426.23801851272583,
    531.1520607471466,
    630.7455358505249,
    732.6183693408966,
    834.9880056381226,
    944.5692918300629,
    1059.7350721359253,
    1174.1864507198334,
    1286.2851231098175,
    1397.2846248149872,
    1508.0383524894714,
    1618.1249470710754,
    1725.5830254554749,
    1832.2450523376465,
    1938.5017244815826,
    2050.226273536682,
    2163.3845489025116,
    2275.466586112976,
    2385.9685633182526,
    2497.583732366562,
    2608.234286546707,
    2720.730971097946,
    2832.2999901771545,
    2939.6547405719757,
    3049.8718461990356,
    3159.4415016174316,
    3267.957406759262,
    3376.8712985515594,
    3486.6036171913147,
    3593.2272181510925,
    3704.1112084388733,
    3812.8332970142365,
    3921.1589081287384,
    4030.954048871994,
    4142.799791574478,
    4253.784152746201
  ],
  "final_ppl": 271.61729466452397,
  "total_time": 4361.779356718063,
  "peak_vram": 10.414690816
}