{
  "name": "E1_eps1e2",
  "split": 6,
  "k": 1,
  "lr_back": 0.001,
  "data_tokens": 80000000,
  "eval_steps": [
    0,
    500,
    1000,
    1500,
    2000,
    2500,
    3000,
    3500,
    4000,
    4500,
    5000,
    5500,
    6000,
    6500,
    7000,
    7500,
    8000,
    8500,
    9000,
    9500,
    10000,
    10500,
    11000,
    11500,
    12000,
    12500,
    13000,
    13500,
    14000,
    14500,
    15000,
    15500,
    16000,
    16500,
    17000,
    17500,
    18000,
    18500,
    19000,
    19500
  ],
  "losses": [
    11.3091402053833,
    6.944399833679199,
    7.16002893447876,
    7.04058837890625,
    6.67438268661499,
    6.067332744598389,
    7.008060932159424,
    6.493770599365234,
    6.403059482574463,
    5.855179309844971,
    6.602091312408447,
    7.061819553375244,
    6.451524257659912,
    6.29631233215332,
    6.913862228393555,
    6.543124675750732,
    6.36941385269165,
    6.022457599639893,
    6.295947074890137,
    5.881554126739502,
    6.574153423309326,
    6.082450866699219,
    6.310204982757568,
    5.663764476776123,
    5.63836145401001,
    6.529577732086182,
    6.238156795501709,
    5.887168884277344,
    5.220543384552002,
    6.0239057540893555,
    5.5542731285095215,
    5.799679279327393,
    6.319956302642822,
    5.147127628326416,
    5.981379508972168,
    6.177285194396973,
    6.22414493560791,
    5.703366756439209,
    5.151761531829834,
    6.074597358703613,
    5.9566144943237305,
    5.991536617279053,
    6.064050197601318,
    5.238473415374756,
    6.044121742248535,
    5.677136421203613,
    5.913784980773926,
    5.35361385345459,
    6.337615966796875,
    5.65359354019165,
    6.1486005783081055,
    6.2317986488342285,
    5.426697731018066,
    5.573610782623291,
    6.108108043670654,
    5.035519123077393,
    5.124946594238281,
    5.931216239929199,
    6.007482051849365,
    5.516482830047607,
    5.7605509757995605,
    5.524759769439697,
    5.701507091522217,
    6.209733009338379,
    5.821384906768799,
    5.661252975463867,
    5.611947536468506,
    5.881870746612549,
    5.619645118713379,
    6.208477020263672,
    6.042437553405762,
    5.832164764404297,
    5.912866592407227,
    3.6974234580993652,
    5.6938676834106445,
    5.823500633239746,
    5.741922855377197,
    5.96284294128418,
    5.656006813049316,
    5.163559913635254,
    5.84841775894165,
    6.0742902755737305,
    5.22515869140625,
    6.065234661102295,
    5.179944038391113,
    6.089725971221924,
    5.924449443817139,
    6.03190279006958,
    5.476043224334717,
    5.3860907554626465,
    6.065188407897949,
    5.504855155944824,
    5.79700231552124,
    5.530745029449463,
    5.866879940032959,
    5.992557525634766,
    5.848648548126221,
    5.142358303070068,
    5.411656379699707,
    5.758952617645264,
    5.400184631347656,
    5.888254165649414,
    5.640910625457764,
    5.304753303527832,
    4.903872966766357,
    4.97476053237915,
    5.950122833251953,
    5.8429365158081055,
    6.142159461975098,
    5.050774574279785,
    5.258785247802734,
    5.859490394592285,
    5.684054374694824,
    5.8336029052734375,
    5.155600070953369,
    5.703571319580078,
    6.065566539764404,
    5.33082914352417,
    5.94051456451416,
    5.164788722991943,
    5.730275630950928,
    5.380258083343506,
    5.953309535980225,
    5.513620853424072,
    6.0337347984313965,
    6.073256492614746,
    5.832546710968018,
    5.564565658569336,
    5.638450622558594,
    5.586347579956055,
    5.838106632232666,
    5.752190589904785,
    6.232583045959473,
    6.43191385269165,
    5.442679405212402,
    4.535772800445557,
    5.752476692199707,
    5.280267238616943,
    4.118045330047607,
    5.712846279144287,
    5.464573383331299,
    5.799878120422363,
    5.9112067222595215,
    5.677056789398193,
    5.513948917388916,
    5.246026992797852,
    4.808812618255615,
    6.026628017425537,
    5.577694892883301,
    5.706348419189453,
    5.5166826248168945,
    5.701010227203369,
    5.443304061889648,
    5.023260593414307,
    5.382817268371582,
    5.631381988525391,
    4.598857879638672,
    5.355988502502441,
    5.642266750335693,
    5.429286003112793,
    4.639076232910156,
    5.102890491485596,
    5.831908702850342,
    5.357417106628418,
    5.216443061828613,
    5.6421217918396,
    5.386387348175049,
    4.6178507804870605,
    5.364124298095703,
    5.507541656494141,
    6.082616806030273,
    5.779796123504639,
    4.829024314880371,
    5.4904632568359375,
    5.570087432861328,
    6.732496738433838,
    5.412014484405518,
    5.362620830535889,
    5.154353141784668,
    6.562442302703857,
    5.495996475219727,
    5.3579511642456055,
    5.160952091217041,
    5.530450344085693,
    5.474389553070068,
    5.40365743637085,
    5.234264373779297,
    5.686990737915039,
    5.589117527008057,
    5.1428093910217285,
    5.368236541748047,
    4.624980926513672,
    5.803004741668701,
    5.919791221618652,
    5.357816696166992,
    5.373647689819336,
    5.741113662719727,
    5.4762349128723145,
    5.5917134284973145,
    4.812648773193359
  ],
  "val_ppls": [
    50218.9793891134,
    934.2943791848317,
    716.2437282547043,
    645.9620186517928,
    617.30300347333,
    569.1774743808116,
    492.78838313260314,
    507.391778301999,
    447.9287681568404,
    429.97219748405803,
    432.8152995710838,
    417.82102507538605,
    396.6927229899272,
    387.2307003577192,
    380.59195703330425,
    384.01329726798394,
    343.5810474743887,
    338.6918065121479,
    370.1780898763022,
    329.24331388493414,
    325.6582194833804,
    319.7957084011939,
    314.2675301048527,
    305.7882546798189,
    299.0361965580893,
    300.7969302259388,
    297.88778183424756,
    311.27446628019777,
    282.91599613168614,
    287.68304637025375,
    275.57583148816946,
    270.3521534940313,
    282.5704762206816,
    271.0140777182886,
    265.2373618501098,
    282.9562741698665,
    261.4289821256399,
    263.2321967387,
    267.9383031820101,
    254.50070873887285
  ],
  "times": [
    13.54498815536499,
    119.12462663650513,
    223.23462200164795,
    321.84165620803833,
    418.5188467502594,
    520.8154444694519,
    622.016863822937,
    721.4851911067963,
    817.9427988529205,
    914.376359462738,
    1010.6705820560455,
    1107.3359241485596,
    1204.0765697956085,
    1300.8627507686615,
    1397.759509086609,
    1494.3664274215698,
    1591.3193664550781,
    1688.0418820381165,
    1784.8178341388702,
    1882.1013386249542,
    1978.8755896091461,
    2075.380829334259,
    2172.128805398941,
    2268.9603288173676,
    2367.343520641327,
    2464.258556127548,
    2562.1383345127106,
    2659.6187493801117,
    2756.3855497837067,
    2853.0208916664124,
    2949.783523797989,
    3046.5518038272858,
    3143.34845328331,
    3240.573216676712,
    3337.238626718521,
    3433.7989597320557,
    3530.8441343307495,
    3627.83714222908,
    3724.4848353862762,
    3821.1334977149963
  ],
  "final_ppl": 267.73004981892933,
  "total_time": 3917.5999546051025,
  "peak_vram": 10.414690816
}