{
  "name": "E2_eps1e4",
  "split": 6,
  "k": 1,
  "lr_back": 0.001,
  "data_tokens": 80000000,
  "eval_steps": [
    0,
    500,
    1000,
    1500,
    2000,
    2500,
    3000,
    3500,
    4000,
    4500,
    5000,
    5500,
    6000,
    6500,
    7000,
    7500,
    8000,
    8500,
    9000,
    9500,
    10000,
    10500,
    11000,
    11500,
    12000,
    12500,
    13000,
    13500,
    14000,
    14500,
    15000,
    15500,
    16000,
    16500,
    17000,
    17500,
    18000,
    18500,
    19000,
    19500
  ],
  "losses": [
    11.309566497802734,
    6.952573776245117,
    7.180604934692383,
    7.057584285736084,
    6.659709453582764,
    6.061573028564453,
    7.03240442276001,
    6.502613067626953,
    6.359630107879639,
    5.8946003913879395,
    6.606245517730713,
    7.063625812530518,
    6.405520915985107,
    6.286375522613525,
    6.885603904724121,
    6.5010480880737305,
    6.392354965209961,
    6.037222862243652,
    6.27113676071167,
    5.880841255187988,
    6.599310874938965,
    6.0650954246521,
    6.314387798309326,
    5.684532165527344,
    5.661615371704102,
    6.610904693603516,
    6.245877265930176,
    5.8991475105285645,
    5.257195472717285,
    6.215756416320801,
    5.55269718170166,
    5.7714691162109375,
    6.338995456695557,
    5.212022304534912,
    5.9810357093811035,
    6.215458393096924,
    6.265091896057129,
    5.7163286209106445,
    5.120935916900635,
    6.167191982269287,
    5.967743873596191,
    6.019660472869873,
    6.048887252807617,
    5.272660732269287,
    6.047582149505615,
    5.6750006675720215,
    5.909965991973877,
    5.33896017074585,
    6.362643718719482,
    5.6468281745910645,
    6.1847052574157715,
    6.2285847663879395,
    5.425139427185059,
    5.556036949157715,
    6.114849090576172,
    4.999423027038574,
    5.078066349029541,
    5.938455581665039,
    6.044094562530518,
    5.5472731590271,
    5.794467449188232,
    5.481950759887695,
    5.662846088409424,
    6.2005767822265625,
    5.732895374298096,
    5.661199569702148,
    5.5708770751953125,
    5.881557941436768,
    5.547176837921143,
    6.226927757263184,
    6.052162170410156,
    5.777279853820801,
    5.903878211975098,
    3.6269853115081787,
    5.681949615478516,
    5.782260417938232,
    5.765791416168213,
    5.885009288787842,
    5.644852161407471,
    5.109030246734619,
    5.860055923461914,
    6.061660289764404,
    5.200161457061768,
    6.103583812713623,
    5.1581926345825195,
    6.050644397735596,
    5.918964862823486,
    6.012441635131836,
    5.428952217102051,
    5.323784828186035,
    6.029016017913818,
    5.423788070678711,
    5.786489963531494,
    5.538232326507568,
    5.859801292419434,
    5.964653968811035,
    5.817298412322998,
    5.068637371063232,
    5.369654178619385,
    5.668751239776611,
    5.367231369018555,
    5.917475700378418,
    5.601563930511475,
    5.245105743408203,
    5.038525581359863,
    4.887976169586182,
    5.86902379989624,
    5.846007823944092,
    6.071255683898926,
    5.048173427581787,
    5.3049750328063965,
    5.816747188568115,
    5.688962936401367,
    5.745433330535889,
    5.099074840545654,
    5.711822986602783,
    5.96023416519165,
    5.305465221405029,
    5.908018589019775,
    5.050656795501709,
    5.640704154968262,
    5.316991806030273,
    5.931028842926025,
    5.475794315338135,
    5.954524993896484,
    6.115304946899414,
    5.810893535614014,
    5.524417877197266,
    5.739697456359863,
    5.608201026916504,
    5.799257278442383,
    5.67947244644165,
    6.201281547546387,
    6.410622596740723,
    5.422782897949219,
    4.482079982757568,
    5.766521453857422,
    5.231406211853027,
    4.022225856781006,
    5.643406391143799,
    5.450485706329346,
    5.776712417602539,
    5.934144496917725,
    5.632133960723877,
    5.475772380828857,
    5.202032089233398,
    4.746713161468506,
    6.032134056091309,
    5.61704683303833,
    5.703198432922363,
    5.449972629547119,
    5.6789140701293945,
    5.448069095611572,
    4.991984844207764,
    5.391953945159912,
    5.552082061767578,
    4.4886884689331055,
    5.28927755355835,
    5.545502662658691,
    5.370352745056152,
    4.627162456512451,
    4.946219444274902,
    5.847747802734375,
    5.3969926834106445,
    5.1586833000183105,
    5.59039306640625,
    5.373522758483887,
    4.5817742347717285,
    5.429105281829834,
    5.467324733734131,
    6.001986503601074,
    5.677094459533691,
    4.790276050567627,
    5.4394402503967285,
    5.517969608306885,
    6.693270683288574,
    5.427908420562744,
    5.296578884124756,
    5.0857253074646,
    6.497122764587402,
    5.475712776184082,
    5.23757266998291,
    5.094779968261719,
    5.5592827796936035,
    5.475757122039795,
    5.2962260246276855,
    5.222832202911377,
    5.671701908111572,
    5.539132118225098,
    5.134678840637207,
    5.399601936340332,
    4.551832675933838,
    5.758001327514648,
    5.83412504196167,
    5.331771373748779,
    5.296005725860596,
    5.811007499694824,
    5.447734832763672,
    5.4961652755737305,
    4.806665420532227
  ],
  "val_ppls": [
    50169.17429824043,
    938.5648054711015,
    718.4087969370049,
    669.4637778074464,
    617.355286902823,
    572.1430325950433,
    495.4360514339965,
    519.5803875163298,
    450.3731905631275,
    428.54342041507226,
    433.37532528342496,
    414.0932446079076,
    397.1155396169322,
    382.6501244409075,
    379.47643878967745,
    381.29120735417183,
    336.13877500281245,
    333.8539350255878,
    355.6701469910114,
    324.29873929709396,
    314.66598603744757,
    310.6551630351925,
    310.7376888098107,
    299.9998119893375,
    294.3438674645167,
    298.3440206772598,
    291.1244416058497,
    302.69291842271286,
    273.3281285163678,
    281.65096618793905,
    267.1548531188385,
    260.1103076163346,
    279.2633276188917,
    259.85197168613024,
    256.82843067391025,
    275.8934601329556,
    251.83093508846855,
    254.98152864349612,
    258.5177060977265,
    242.50901018501497
  ],
  "times": [
    9.921965837478638,
    102.67494297027588,
    200.85185480117798,
    298.8354160785675,
    396.48150300979614,
    494.0682508945465,
    591.9916167259216,
    689.8779678344727,
    789.3325023651123,
    887.664448261261,
    985.3381488323212,
    1083.3873846530914,
    1180.5089039802551,
    1279.3252036571503,
    1380.9404480457306,
    1483.3613021373749,
    1584.432446718216,
    1681.2266318798065,
    1778.113819360733,
    1875.4155893325806,
    1972.4007694721222,
    2069.3379533290863,
    2166.352362394333,
    2266.4808082580566,
    2364.601306438446,
    2464.237589597702,
    2563.214810848236,
    2660.360149383545,
    2756.8294336795807,
    2854.0988306999207,
    2951.0059475898743,
    3047.668009996414,
    3146.1645090579987,
    3243.283371925354,
    3341.1693093776703,
    3439.7781236171722,
    3538.4157531261444,
    3638.5835275650024,
    3738.002264022827,
    3837.7057180404663
  ],
  "final_ppl": 259.94517903415834,
  "total_time": 3936.7628672122955,
  "peak_vram": 10.414690816
}