{
  "name": "L8_fullrank_83zo_k1",
  "factored": false,
  "split": 4,
  "k": 1,
  "total_params": 1439078400,
  "data_tokens": 80000000,
  "eval_steps": [
    0,
    500,
    1000,
    1500,
    2000,
    2500,
    3000,
    3500,
    4000,
    4500,
    5000,
    5500,
    6000,
    6500,
    7000,
    7500,
    8000,
    8500,
    9000,
    9500,
    10000,
    10500,
    11000,
    11500,
    12000,
    12500,
    13000,
    13500,
    14000,
    14500,
    15000,
    15500,
    16000,
    16500,
    17000,
    17500,
    18000,
    18500,
    19000,
    19500
  ],
  "losses": [
    11.306875228881836,
    6.956426620483398,
    7.151946067810059,
    6.998152732849121,
    6.630996227264404,
    6.027551651000977,
    7.0206427574157715,
    6.501756191253662,
    6.316213607788086,
    5.881123065948486,
    6.575488567352295,
    6.9950971603393555,
    6.377403259277344,
    6.276820182800293,
    6.887750625610352,
    6.498945236206055,
    6.349468231201172,
    6.042717456817627,
    6.2982096672058105,
    5.8293890953063965,
    6.569039821624756,
    6.081080913543701,
    6.2881574630737305,
    5.708449363708496,
    5.6365790367126465,
    6.557314395904541,
    6.239485740661621,
    5.915952682495117,
    5.193148136138916,
    6.0717620849609375,
    5.607870101928711,
    5.817309856414795,
    6.3309478759765625,
    5.165713787078857,
    5.950240135192871,
    6.235363960266113,
    6.2107253074646,
    5.695247650146484,
    5.163459777832031,
    6.053737640380859,
    5.985843181610107,
    5.993879795074463,
    6.0404253005981445,
    5.291478157043457,
    6.041533470153809,
    5.623985767364502,
    5.954151153564453,
    5.345656394958496,
    6.37025785446167,
    5.659524440765381,
    6.136322975158691,
    6.224246501922607,
    5.48746919631958,
    5.526396751403809,
    6.102940082550049,
    5.018149375915527,
    5.177772521972656,
    5.949086666107178,
    6.041470527648926,
    5.607193470001221,
    5.732390403747559,
    5.475628852844238,
    5.691957950592041,
    6.212288856506348,
    5.787168979644775,
    5.689504146575928,
    5.608375072479248,
    5.9298319816589355,
    5.5529680252075195,
    6.2638068199157715,
    6.121002674102783,
    5.806623458862305,
    5.9529194831848145,
    3.653064012527466,
    5.657605171203613,
    5.765986919403076,
    5.723258018493652,
    5.926602840423584,
    5.687684059143066,
    5.152166843414307,
    5.870335102081299,
    6.047761917114258,
    5.295960903167725,
    6.162518501281738,
    5.207408905029297,
    6.160096168518066,
    5.9108452796936035,
    6.046298027038574,
    5.432600021362305,
    5.333647727966309,
    6.1172075271606445,
    5.515889644622803,
    5.853234767913818,
    5.530900478363037,
    5.966901779174805,
    5.963942527770996,
    5.870946407318115,
    5.144828796386719,
    5.397709369659424,
    5.776902675628662,
    5.376518249511719,
    5.947227478027344,
    5.663931369781494,
    5.292137622833252,
    4.9165849685668945,
    5.017576217651367,
    5.932761192321777,
    5.877363204956055,
    6.124282360076904,
    5.049776077270508,
    5.35417366027832,
    5.83825159072876,
    5.705920696258545,
    5.909207344055176,
    5.104825019836426,
    5.743953227996826,
    5.985546112060547,
    5.370405197143555,
    5.932182788848877,
    5.2083587646484375,
    5.683736324310303,
    5.328189373016357,
    5.92672061920166,
    5.499587535858154,
    6.057015895843506,
    6.099959850311279,
    5.863872528076172,
    5.583775997161865,
    5.67618465423584,
    5.637880325317383,
    5.8145246505737305,
    5.777566432952881,
    6.23233699798584,
    6.417239665985107,
    5.481412887573242,
    4.678326606750488,
    5.773789882659912,
    5.233377456665039,
    4.116724014282227,
    5.712540626525879,
    5.519931793212891,
    5.862489223480225,
    5.9643449783325195,
    5.681761741638184,
    5.475931167602539,
    5.2550482749938965,
    4.81905460357666,
    6.07855224609375,
    5.607154846191406,
    5.771481037139893,
    5.569661617279053,
    5.777902603149414,
    5.446951389312744,
    5.048944473266602,
    5.4037251472473145,
    5.565426826477051,
    4.535697937011719,
    5.32251501083374,
    5.64572286605835,
    5.399448394775391,
    4.697951793670654,
    5.027428150177002,
    5.913390159606934,
    5.359000205993652,
    5.307842254638672,
    5.621854305267334,
    5.438632965087891,
    4.693761825561523,
    5.45805549621582,
    5.628455638885498,
    6.075310230255127,
    5.778014659881592,
    4.812068939208984,
    5.5471415519714355,
    5.638485431671143,
    6.729135513305664,
    5.413448810577393,
    5.253347396850586,
    5.1584014892578125,
    6.465451240539551,
    5.516292572021484,
    5.316438674926758,
    5.100330829620361,
    5.545552730560303,
    5.594472408294678,
    5.3777289390563965,
    5.250028610229492,
    5.714926719665527,
    5.616371154785156,
    5.192439556121826,
    5.481733322143555,
    4.618856430053711,
    5.773892402648926,
    5.882622241973877,
    5.363969326019287,
    5.296139240264893,
    5.776588439941406,
    5.508214950561523,
    5.5717997550964355,
    4.9036993980407715
  ],
  "val_ppls": [
    53088.56597977453,
    934.7947427171281,
    704.0520353424948,
    654.8451585179442,
    609.4767205084935,
    565.272111277312,
    488.24282570276296,
    498.89575316697153,
    445.32920835920015,
    427.38486514342554,
    435.47748600528035,
    413.0267057739058,
    398.39783132314034,
    389.1919075020448,
    383.2022686465288,
    377.5461215733289,
    345.43141204114426,
    345.48488317548384,
    369.8626637707072,
    329.33954543060884,
    326.0083326147137,
    317.4951417956542,
    319.7626762477817,
    306.463931554487,
    303.4558964004397,
    303.32631033965885,
    300.8432251888924,
    305.22499841118133,
    286.0916423224755,
    289.8489028858754,
    281.6828604713149,
    273.36256896772227,
    285.87284372760234,
    271.18904098350725,
    268.5426496847051,
    280.00501619904617,
    266.41474938486317,
    267.59293028273055,
    278.45482857544414,
    254.59588165890213
  ],
  "times": [
    14.24214792251587,
    133.57023334503174,
    252.53187131881714,
    375.14671993255615,
    494.68141078948975,
    616.2932121753693,
    737.2839043140411,
    857.7755124568939,
    979.5936307907104,
    1100.2245509624481,
    1222.8638987541199,
    1347.109065771103,
    1470.9747121334076,
    1596.756103515625,
    1720.5443229675293,
    1840.6558203697205,
    1963.5549507141113,
    2083.5720343589783,
    2200.1985096931458,
    2319.237450361252,
    2440.415780544281,
    2564.580685377121,
    2687.3287632465363,
    2808.422921180725,
    2929.8959946632385,
    3051.854166030884,
    3172.314773797989,
    3296.545571088791,
    3418.9624779224396,
    3541.277548313141,
    3664.0955498218536,
    3785.427748441696,
    3907.9416501522064,
    4027.801736354828,
    4152.192714691162,
    4274.305788993835,
    4396.506190538406,
    4517.326737880707,
    4639.787456512451,
    4761.500864744186
  ],
  "final_ppl": 267.52259269803164,
  "total_time": 4881.285245656967,
  "peak_vram": 14.31360768
}