{
  "name": "M2b_front_factored_dc2",
  "factored_front": true,
  "split": 6,
  "eval_steps": [
    0,
    500,
    1000,
    1500,
    2000,
    2500,
    3000,
    3500,
    4000,
    4500,
    5000,
    5500,
    6000,
    6500,
    7000,
    7500,
    8000,
    8500,
    9000,
    9500,
    10000,
    10500,
    11000,
    11500,
    12000,
    12500,
    13000,
    13500,
    14000,
    14500,
    15000,
    15500,
    16000,
    16500,
    17000,
    17500,
    18000,
    18500,
    19000,
    19500
  ],
  "losses": [
    11.150190353393555,
    7.240103244781494,
    7.333828926086426,
    7.266056060791016,
    6.908080577850342,
    6.424698829650879,
    7.170949935913086,
    6.725296497344971,
    6.652712345123291,
    6.2511067390441895,
    6.844528675079346,
    7.25778865814209,
    6.639336109161377,
    6.611942768096924,
    7.119873523712158,
    6.687724590301514,
    6.663534641265869,
    6.359443664550781,
    6.686242580413818,
    6.216980934143066,
    6.867364406585693,
    6.438098430633545,
    6.696194648742676,
    5.941225528717041,
    5.928151607513428,
    6.771556377410889,
    6.551889896392822,
    6.280562877655029,
    5.591764450073242,
    6.487676620483398,
    5.883566379547119,
    6.138672828674316,
    6.813294887542725,
    5.763748645782471,
    6.326600551605225,
    6.639408588409424,
    6.508221626281738,
    6.013088226318359,
    5.693211555480957,
    6.391268253326416,
    6.441187381744385,
    6.375948429107666,
    6.561320781707764,
    5.683650970458984,
    6.36529541015625,
    5.9399895668029785,
    6.255570888519287,
    5.88970422744751,
    6.650609970092773,
    6.0903496742248535,
    6.4830803871154785,
    6.520305633544922,
    6.074273109436035,
    5.9997639656066895,
    6.408636093139648,
    5.8016228675842285,
    5.846601963043213,
    6.193933010101318,
    6.3125104904174805,
    6.025347709655762,
    6.242746353149414,
    6.039046287536621,
    6.163877964019775,
    6.491443157196045,
    6.225021839141846,
    6.214427947998047,
    6.315905570983887,
    6.262527942657471,
    6.0543317794799805,
    6.54955530166626,
    6.390265464782715,
    6.1631011962890625,
    6.218663215637207,
    4.203545570373535,
    6.140276908874512,
    6.279367446899414,
    6.184731960296631,
    6.244447231292725,
    6.029847621917725,
    5.663661003112793,
    6.213876724243164,
    6.314022541046143,
    5.6908698081970215,
    6.544836044311523,
    5.763632774353027,
    6.610933780670166,
    6.4399542808532715,
    6.477449893951416,
    6.09617805480957,
    6.056423664093018,
    6.623406410217285,
    5.935297012329102,
    6.1815104484558105,
    5.909977912902832,
    6.383443355560303,
    6.38926887512207,
    6.411131381988525,
    5.775280952453613,
    5.965985298156738,
    6.3213348388671875,
    5.94362735748291,
    6.4299750328063965,
    6.126762866973877,
    5.928104400634766,
    5.6809401512146,
    5.871674537658691,
    6.385375022888184,
    6.388212203979492,
    6.5714216232299805,
    5.627262592315674,
    5.841132164001465,
    6.230209827423096,
    6.060905933380127,
    6.228854179382324,
    6.040111541748047,
    6.363217353820801,
    6.622751712799072,
    6.0365190505981445,
    6.290175437927246,
    5.884984970092773,
    5.977572917938232,
    5.899273872375488,
    6.3806471824646,
    6.161985874176025,
    6.478233337402344,
    6.597079753875732,
    6.672379970550537,
    6.040131568908691,
    6.200133323669434,
    6.090467929840088,
    6.292007923126221,
    6.475338459014893,
    6.619383335113525,
    6.890411853790283,
    5.915355205535889,
    5.379022121429443,
    6.222445964813232,
    5.820381164550781,
    4.742199897766113,
    6.132204055786133,
    5.93956184387207,
    6.362829685211182,
    6.451311111450195,
    6.235057353973389,
    6.101144790649414,
    6.047001838684082,
    5.526853561401367,
    6.508136749267578,
    6.12055778503418,
    6.363191604614258,
    6.075286388397217,
    6.51580286026001,
    5.882587909698486,
    5.673435688018799,
    6.044907569885254,
    6.069317817687988,
    5.614683151245117,
    5.786722183227539,
    6.101316928863525,
    6.0748419761657715,
    5.293759346008301,
    6.064742565155029,
    6.45462703704834,
    6.076426982879639,
    5.868800163269043,
    6.071609973907471,
    5.9172892570495605,
    5.366917133331299,
    6.175057888031006,
    6.132453918457031,
    6.52630615234375,
    6.325165748596191,
    5.715444087982178,
    6.023931503295898,
    6.173620700836182,
    7.268632888793945,
    6.1381120681762695,
    5.957944869995117,
    5.886835098266602,
    6.931396007537842,
    6.186155796051025,
    6.1743340492248535,
    5.842781066894531,
    6.005085468292236,
    6.1904802322387695,
    5.98907995223999,
    5.792456150054932,
    6.257132053375244,
    6.231903076171875,
    5.880905628204346,
    5.925160884857178,
    5.389854907989502,
    6.393158912658691,
    6.347849369049072,
    5.8107733726501465,
    5.902622222900391,
    6.233886241912842,
    6.128556728363037,
    6.05931282043457,
    5.713690280914307
  ],
  "val_ppls": [
    48499.492401198564,
    1173.8273610164,
    915.9025260856413,
    854.966371556239,
    774.0571330298809,
    749.3510228462042,
    664.5467272176851,
    687.8018814885431,
    626.8643259348713,
    605.2028892770105,
    613.5197334808514,
    608.1635606735449,
    583.95563205795,
    568.1301125432032,
    574.6316408227316,
    595.2994800099757,
    532.8569426516075,
    540.8699989154925,
    595.2196596991794,
    533.0897286292025,
    518.8998708594565,
    521.2080861953038,
    520.3861239671386,
    504.60855278024115,
    508.29311878996106,
    524.4932523465573,
    516.7749283761082,
    510.7227335110027,
    497.8453795645991,
    516.2015271820552,
    500.9685140713273,
    480.5553151695899,
    503.94032153615774,
    476.2286854464014,
    497.1560677734143,
    490.6717439052086,
    467.6465373671232,
    479.5944826025803,
    505.879061697495,
    477.4950161010453
  ],
  "times": [
    11.7754967212677,
    120.6220805644989,
    224.62172985076904,
    328.42269134521484,
    437.02112865448,
    546.3221020698547,
    650.1079671382904,
    757.0931897163391,
    860.4701728820801,
    965.8105568885803,
    1074.407636642456,
    1180.7342536449432,
    1288.256851196289,
    1392.4305086135864,
    1499.7914896011353,
    1607.0883691310883,
    1713.4097487926483,
    1821.1878333091736,
    1926.7157502174377,
    2028.371022939682,
    2130.713126182556,
    2230.2663397789,
    2320.653340578079,
    2410.7990353107452,
    2501.0055391788483,
    2591.4899780750275,
    2681.8343527317047,
    2773.703033685684,
    2858.5183289051056,
    2941.7218782901764,
    3025.802125453949,
    3108.9405455589294,
    3193.4449117183685,
    3276.2587535381317,
    3362.3495733737946,
    3452.2470738887787,
    3540.887283563614,
    3625.8766181468964,
    3713.9690794944763,
    3797.326151371002
  ],
  "final_ppl": 521.5798352562915,
  "total_time": 3879.6081399917603,
  "peak_vram": 8.054198784
}