{
  "name": "L3_factored_75zo_k1",
  "factored": true,
  "split": 6,
  "k": 1,
  "total_params": 614248960,
  "data_tokens": 80000000,
  "eval_steps": [
    0,
    500,
    1000,
    1500,
    2000,
    2500,
    3000,
    3500,
    4000,
    4500,
    5000,
    5500,
    6000,
    6500,
    7000,
    7500,
    8000,
    8500,
    9000,
    9500,
    10000,
    10500,
    11000,
    11500,
    12000,
    12500,
    13000,
    13500,
    14000,
    14500,
    15000,
    15500,
    16000,
    16500,
    17000,
    17500,
    18000,
    18500,
    19000,
    19500
  ],
  "losses": [
    10.888494491577148,
    7.295457363128662,
    7.221672534942627,
    7.224617958068848,
    6.882255554199219,
    6.39657735824585,
    7.122206211090088,
    6.754467964172363,
    6.669469833374023,
    6.1863694190979,
    6.911407947540283,
    7.225690841674805,
    6.694721221923828,
    6.652195453643799,
    7.154206275939941,
    6.811080455780029,
    6.885908603668213,
    6.536954402923584,
    6.813869476318359,
    6.3699870109558105,
    7.067890167236328,
    6.642857551574707,
    6.8692946434021,
    6.217994213104248,
    6.204673767089844,
    6.894321441650391,
    6.764878273010254,
    6.436484336853027,
    5.851724147796631,
    7.072778224945068,
    6.113113880157471,
    6.475467681884766,
    6.888891696929932,
    6.100303649902344,
    6.568530082702637,
    6.8964314460754395,
    6.713765621185303,
    6.264256477355957,
    6.074708938598633,
    6.571589946746826,
    6.726163864135742,
    6.646862030029297,
    6.7230753898620605,
    5.950491428375244,
    6.599614143371582,
    6.251095771789551,
    6.516078472137451,
    6.2585272789001465,
    6.829946041107178,
    6.362627029418945,
    6.62617826461792,
    6.822266101837158,
    6.276323318481445,
    6.2050628662109375,
    6.641885280609131,
    6.341811180114746,
    6.053946018218994,
    6.505056858062744,
    6.559992790222168,
    6.338369846343994,
    6.5280351638793945,
    6.441932678222656,
    6.584736347198486,
    6.7731475830078125,
    6.573400020599365,
    6.569075584411621,
    6.676384449005127,
    6.557998180389404,
    6.404730796813965,
    6.675838470458984,
    6.585600852966309,
    6.442516803741455,
    6.500692844390869,
    4.588164806365967,
    6.478025913238525,
    6.693113327026367,
    6.592325210571289,
    6.512753486633301,
    6.3872175216674805,
    5.992636203765869,
    6.543699741363525,
    6.428262233734131,
    5.957467079162598,
    6.795571804046631,
    6.070748329162598,
    6.873096942901611,
    6.656671524047852,
    6.73777437210083,
    6.360814094543457,
    6.384907245635986,
    6.820400238037109,
    6.306243896484375,
    6.467581272125244,
    6.223614692687988,
    6.689290523529053,
    6.593857765197754,
    6.615752220153809,
    6.103052139282227,
    6.180180549621582,
    6.625168323516846,
    6.225028991699219,
    6.968205451965332,
    6.485259532928467,
    6.427292823791504,
    5.95414924621582,
    6.256374359130859,
    6.471758842468262,
    6.647799015045166,
    6.880721569061279,
    5.877978801727295,
    6.308855056762695,
    6.522130489349365,
    6.3248610496521,
    6.613579273223877,
    6.293501377105713,
    6.719173908233643,
    6.909613132476807,
    6.322007656097412,
    6.5976643562316895,
    6.277489185333252,
    6.271812915802002,
    6.249948501586914,
    6.651138782501221,
    6.464721202850342,
    6.699272155761719,
    6.82003927230835,
    6.9924798011779785,
    6.208578586578369,
    6.441709995269775,
    6.419663429260254,
    6.5630269050598145,
    6.943734169006348,
    6.690935134887695,
    7.059039115905762,
    6.256225109100342,
    5.640593528747559,
    6.487218856811523,
    6.263463020324707,
    5.670490264892578,
    6.428746223449707,
    6.269618511199951,
    6.630922317504883,
    6.637080192565918,
    6.535851955413818,
    6.379080772399902,
    6.28128719329834,
    6.01151704788208,
    6.7293524742126465,
    6.369487285614014,
    6.529751777648926,
    6.458894729614258,
    6.844027996063232,
    6.095198631286621,
    5.935786724090576,
    6.364653587341309,
    6.384909152984619,
    6.052958965301514,
    6.064034461975098,
    6.378538131713867,
    6.364648818969727,
    5.731680393218994,
    6.598789691925049,
    6.664976119995117,
    6.392289161682129,
    6.165679454803467,
    6.4465789794921875,
    6.231034755706787,
    5.659462928771973,
    6.419403076171875,
    6.433811187744141,
    6.685232162475586,
    6.576377868652344,
    6.228180408477783,
    6.335511207580566,
    6.430230140686035,
    7.423609256744385,
    6.428086757659912,
    6.258072376251221,
    6.166974067687988,
    7.002462387084961,
    6.453584671020508,
    6.3658223152160645,
    6.273410797119141,
    6.3579487800598145,
    6.509400844573975,
    6.356443405151367,
    6.09674072265625,
    6.5059661865234375,
    6.60321044921875,
    6.240535259246826,
    6.331792831420898,
    5.8374857902526855,
    6.744457721710205,
    6.605098724365234,
    6.0651679039001465,
    6.194876670837402,
    6.439434051513672,
    6.548659801483154,
    6.350961208343506,
    6.024618148803711
  ],
  "val_ppls": [
    38125.72722456419,
    1113.1924861927846,
    957.9743581055445,
    944.7152327793331,
    922.3641758593579,
    864.0284781676862,
    806.0489649306372,
    867.1758476386913,
    778.0654955797951,
    772.8988643716308,
    796.4431873323498,
    790.0827077406284,
    776.2282431670412,
    764.0474220734432,
    739.8529578446621,
    743.1853991486821,
    693.7227373080397,
    716.3367019288085,
    761.3632646722647,
    686.2289530082768,
    678.7537189657181,
    675.163953168862,
    689.4274721478184,
    668.5234943710576,
    674.8370963556663,
    681.2639939031532,
    663.6468423160894,
    691.6764496992537,
    659.3828943059822,
    650.5877049210383,
    657.8141109222655,
    635.6374866517332,
    674.094853628486,
    655.6712169327654,
    644.6885377787822,
    649.8880141863183,
    646.6915345530164,
    640.3546713047381,
    644.1296792602991,
    623.3104772997164
  ],
  "times": [
    9.190409421920776,
    84.48767805099487,
    160.06980681419373,
    234.57267475128174,
    309.2728319168091,
    384.85570096969604,
    460.6234586238861,
    535.6333291530609,
    612.6576821804047,
    687.5362679958344,
    762.7676618099213,
    837.361968755722,
    913.1682307720184,
    999.822954416275,
    1083.4522609710693,
    1166.3853843212128,
    1251.1927506923676,
    1333.1164236068726,
    1414.7620174884796,
    1497.0999279022217,
    1581.0155770778656,
    1664.6217992305756,
    1746.4331166744232,
    1830.469971895218,
    1911.6293807029724,
    1992.9879400730133,
    2074.5698387622833,
    2156.3443303108215,
    2240.939216375351,
    2322.6279850006104,
    2406.9663701057434,
    2488.2216811180115,
    2570.6374831199646,
    2651.67396235466,
    2735.2357137203217,
    2819.913559436798,
    2908.9613819122314,
    2994.4794216156006,
    3079.9062559604645,
    3162.470260620117
  ],
  "final_ppl": 653.0878565919451,
  "total_time": 3243.681700229645,
  "peak_vram": 6.999642112
}