{
  "name": "M1b_sgd_1e3",
  "split": 6,
  "k": 1,
  "lr_back": 0.001,
  "data_tokens": 80000000,
  "eval_steps": [
    0,
    500,
    1000,
    1500,
    2000,
    2500,
    3000,
    3500,
    4000,
    4500,
    5000,
    5500,
    6000,
    6500,
    7000,
    7500,
    8000,
    8500,
    9000,
    9500,
    10000,
    10500,
    11000,
    11500,
    12000,
    12500,
    13000,
    13500,
    14000,
    14500,
    15000,
    15500,
    16000,
    16500,
    17000,
    17500,
    18000,
    18500,
    19000,
    19500
  ],
  "losses": [
    11.309205055236816,
    6.947199821472168,
    7.1494317054748535,
    7.015408515930176,
    6.635173320770264,
    6.047426700592041,
    7.018989562988281,
    6.5170392990112305,
    6.386313438415527,
    5.840291976928711,
    6.603758811950684,
    7.09924840927124,
    6.410135269165039,
    6.2925310134887695,
    6.908034801483154,
    6.485789775848389,
    6.348278999328613,
    6.050958633422852,
    6.2638444900512695,
    5.937559127807617,
    6.576101303100586,
    6.052011966705322,
    6.273855209350586,
    5.671792984008789,
    5.655755996704102,
    6.603391170501709,
    6.256100654602051,
    5.955082893371582,
    5.2781596183776855,
    6.074801445007324,
    5.559986591339111,
    5.788271427154541,
    6.333046913146973,
    5.192264556884766,
    5.980060577392578,
    6.2753400802612305,
    6.322115421295166,
    5.716191291809082,
    5.175698280334473,
    6.114790439605713,
    6.012577056884766,
    6.045565128326416,
    6.049365043640137,
    5.264461040496826,
    6.041677951812744,
    5.659152984619141,
    5.963923454284668,
    5.339504718780518,
    6.382637023925781,
    5.659726619720459,
    6.1652398109436035,
    6.244677543640137,
    5.482321739196777,
    5.6057233810424805,
    6.100335121154785,
    5.085717678070068,
    5.237519264221191,
    5.948180198669434,
    6.043360710144043,
    5.588951110839844,
    5.777783393859863,
    5.533693313598633,
    5.794471263885498,
    6.1870012283325195,
    5.787545680999756,
    5.689998626708984,
    5.669573783874512,
    5.902101039886475,
    5.524592399597168,
    6.247918128967285,
    6.065935134887695,
    5.836493492126465,
    5.9236063957214355,
    3.7164368629455566,
    5.689374923706055,
    5.731845855712891,
    5.77934455871582,
    5.953365802764893,
    5.683291912078857,
    5.206192493438721,
    5.887272834777832,
    6.108078479766846,
    5.268805027008057,
    6.14903450012207,
    5.2252421379089355,
    6.126564025878906,
    5.897394180297852,
    6.075981616973877,
    5.537255764007568,
    5.412282943725586,
    6.137813091278076,
    5.480118274688721,
    5.872435092926025,
    5.5662336349487305,
    5.893803119659424,
    6.004868030548096,
    5.832098484039307,
    5.152242183685303,
    5.39969539642334,
    5.763382434844971,
    5.363012790679932,
    6.002724647521973,
    5.666668891906738,
    5.2470221519470215,
    4.904649257659912,
    5.014106750488281,
    5.867071628570557,
    5.887521266937256,
    6.1113505363464355,
    5.059606552124023,
    5.353121757507324,
    5.843777656555176,
    5.714750289916992,
    5.900826454162598,
    5.122530937194824,
    5.7443528175354,
    6.060791015625,
    5.35353946685791,
    5.942798614501953,
    5.144258975982666,
    5.693796157836914,
    5.40158224105835,
    5.910848140716553,
    5.456406116485596,
    5.937994956970215,
    6.081189155578613,
    5.875360488891602,
    5.554599761962891,
    5.679018497467041,
    5.61555814743042,
    5.8411478996276855,
    5.745523452758789,
    6.23475456237793,
    6.376809597015381,
    5.3893842697143555,
    4.639606475830078,
    5.720122337341309,
    5.28560733795166,
    4.113108158111572,
    5.705051898956299,
    5.472021579742432,
    5.772407054901123,
    5.952502727508545,
    5.701415538787842,
    5.454686164855957,
    5.21087646484375,
    4.809347629547119,
    6.02036190032959,
    5.621145248413086,
    5.766911029815674,
    5.532642364501953,
    5.724851131439209,
    5.435149192810059,
    4.978282451629639,
    5.370843410491943,
    5.625540256500244,
    4.620205879211426,
    5.32966423034668,
    5.737781047821045,
    5.356320381164551,
    4.61921501159668,
    5.005507946014404,
    5.91103458404541,
    5.393436431884766,
    5.2592620849609375,
    5.585566520690918,
    5.400457382202148,
    4.565236568450928,
    5.402467250823975,
    5.515206813812256,
    6.030805587768555,
    5.7726006507873535,
    4.851634979248047,
    5.479131698608398,
    5.549317359924316,
    6.728337287902832,
    5.407264709472656,
    5.268671989440918,
    5.133851528167725,
    6.542235374450684,
    5.496662616729736,
    5.2997541427612305,
    5.0931525230407715,
    5.502538681030273,
    5.516606330871582,
    5.324911594390869,
    5.247148513793945,
    5.630726337432861,
    5.617884159088135,
    5.144949436187744,
    5.365647792816162,
    4.593339443206787,
    5.763901233673096,
    5.866631984710693,
    5.378688335418701,
    5.354854106903076,
    5.8125762939453125,
    5.450989246368408,
    5.525657653808594,
    4.800702095031738
  ],
  "val_ppls": [
    50279.62716479321,
    933.7903793799366,
    721.6935316312231,
    662.5168414183787,
    614.0818218127743,
    581.1045753936978,
    497.6621691363067,
    519.2341069496688,
    452.66369822224624,
    431.56605490730743,
    435.49412671161645,
    425.94702104219874,
    410.6437570820361,
    393.464962967958,
    387.8198016305688,
    405.8364360369369,
    352.6390441196656,
    346.1454759913523,
    378.13387969355483,
    331.79562712424166,
    330.71398499338494,
    319.024598889603,
    324.2319603204759,
    306.5985774498402,
    301.6272968006793,
    305.3507831891965,
    298.49982063122815,
    313.0499070024853,
    282.50699570220564,
    286.7208814142631,
    277.85100843042085,
    270.43756796562127,
    287.4495827706208,
    265.2682797141699,
    264.0586359986194,
    284.2981730415096,
    259.510705597682,
    261.8770253802795,
    266.9349599454858,
    248.46580942918658
  ],
  "times": [
    10.312958240509033,
    100.37249946594238,
    190.3524990081787,
    280.55386185646057,
    370.52255368232727,
    460.7680058479309,
    551.0418255329132,
    641.9891490936279,
    732.1038334369659,
    822.121490240097,
    912.4042167663574,
    1002.6733849048615,
    1092.6027841567993,
    1183.6188881397247,
    1276.5912945270538,
    1366.7646350860596,
    1457.2085120677948,
    1546.6920011043549,
    1636.7909388542175,
    1728.4842283725739,
    1821.8879933357239,
    1911.884043931961,
    2003.595802307129,
    2094.1677391529083,
    2183.2121798992157,
    2272.3223598003387,
    2361.4212713241577,
    2451.1026315689087,
    2540.4839096069336,
    2629.999124765396,
    2719.1871037483215,
    2808.3337059020996,
    2897.784681081772,
    2987.2517762184143,
    3076.8788356781006,
    3166.1162643432617,
    3255.5884754657745,
    3344.832091808319,
    3434.0934805870056,
    3523.262173652649
  ],
  "final_ppl": 261.2925365261802,
  "total_time": 3612.8719339370728,
  "peak_vram": 10.414690816
}