{
  "name": "A_80M_backprop",
  "mode": "backprop",
  "split": 12,
  "data_tokens": 80000000,
  "steps": 20000,
  "eval_steps": [
    0,
    500,
    1000,
    1500,
    2000,
    2500,
    3000,
    3500,
    4000,
    4500,
    5000,
    5500,
    6000,
    6500,
    7000,
    7500,
    8000,
    8500,
    9000,
    9500,
    10000,
    10500,
    11000,
    11500,
    12000,
    12500,
    13000,
    13500,
    14000,
    14500,
    15000,
    15500,
    16000,
    16500,
    17000,
    17500,
    18000,
    18500,
    19000,
    19500
  ],
  "losses": [
    11.309179306030273,
    7.0905232429504395,
    7.270364761352539,
    7.065145492553711,
    6.74867582321167,
    6.227481842041016,
    7.045754909515381,
    6.57841682434082,
    6.442256927490234,
    5.911832332611084,
    6.625086307525635,
    7.077101707458496,
    6.487920761108398,
    6.393404483795166,
    6.995419502258301,
    6.504125595092773,
    6.461387634277344,
    6.154452323913574,
    6.338626384735107,
    5.930406093597412,
    6.60906457901001,
    6.220848560333252,
    6.361559867858887,
    5.715724945068359,
    5.703514099121094,
    6.563412189483643,
    6.281066417694092,
    6.096632480621338,
    5.29710578918457,
    6.144712924957275,
    5.602954387664795,
    5.885121822357178,
    6.4059858322143555,
    5.328364372253418,
    6.056807041168213,
    6.345412254333496,
    6.313379287719727,
    5.740362644195557,
    5.2320876121521,
    6.142142295837402,
    6.103740215301514,
    6.125802516937256,
    6.147307872772217,
    5.283809185028076,
    6.087637901306152,
    5.744159698486328,
    5.96822452545166,
    5.4651198387146,
    6.388539791107178,
    5.737978935241699,
    6.178596496582031,
    6.280047416687012,
    5.574024200439453,
    5.630489826202393,
    6.173135757446289,
    5.218620300292969,
    5.252830505371094,
    6.013485908508301,
    6.061166763305664,
    5.635847568511963,
    5.866788387298584,
    5.684759140014648,
    5.877819538116455,
    6.262379169464111,
    5.856482982635498,
    5.827733516693115,
    5.848114013671875,
    5.976506233215332,
    5.699494361877441,
    6.303248405456543,
    6.1364850997924805,
    5.890537261962891,
    5.990787506103516,
    3.8454442024230957,
    5.810889720916748,
    5.930406093597412,
    5.837522983551025,
    6.063748359680176,
    5.720539093017578,
    5.303031921386719,
    5.984694957733154,
    6.07519006729126,
    5.3266682624816895,
    6.268444538116455,
    5.425454139709473,
    6.197953224182129,
    6.065360069274902,
    6.1769232749938965,
    5.601019382476807,
    5.504920959472656,
    6.112672328948975,
    5.608658313751221,
    6.01933479309082,
    5.750387191772461,
    6.0290398597717285,
    6.09399938583374,
    6.008915424346924,
    5.247570514678955,
    5.517725467681885,
    5.927912712097168,
    5.558589458465576,
    6.116268157958984,
    5.815731048583984,
    5.5082573890686035,
    5.304182529449463,
    5.250960350036621,
    6.046322822570801,
    5.879971981048584,
    6.31535005569458,
    5.1464996337890625,
    5.5874834060668945,
    5.9705424308776855,
    5.8859124183654785,
    6.092389106750488,
    5.5167131423950195,
    5.9879021644592285,
    6.14928674697876,
    5.582374095916748,
    6.1449995040893555,
    5.312596321105957,
    5.851018905639648,
    5.563690662384033,
    6.099669456481934,
    5.607692718505859,
    6.178173065185547,
    6.189448356628418,
    6.020414352416992,
    5.698145866394043,
    5.863640785217285,
    5.84519100189209,
    5.973653793334961,
    6.029484272003174,
    6.271491527557373,
    6.422540187835693,
    5.626295566558838,
    4.836052894592285,
    5.978399276733398,
    5.5892767906188965,
    4.256140232086182,
    5.877248764038086,
    5.630496025085449,
    5.957312107086182,
    6.103115558624268,
    5.940543174743652,
    5.579721927642822,
    5.512694358825684,
    4.9892730712890625,
    6.1622772216796875,
    5.803002834320068,
    5.904614448547363,
    5.750062942504883,
    6.0182647705078125,
    5.524202346801758,
    5.1441473960876465,
    5.622494697570801,
    5.806613922119141,
    4.859001636505127,
    5.506088733673096,
    5.822656631469727,
    5.501743793487549,
    4.853024959564209,
    5.516646385192871,
    6.1590352058410645,
    5.648128509521484,
    5.441197395324707,
    5.788588047027588,
    5.702947616577148,
    4.81475830078125,
    5.633535385131836,
    5.735519886016846,
    6.230766773223877,
    5.946924209594727,
    5.121116638183594,
    5.66988468170166,
    5.829458713531494,
    6.812446117401123,
    5.715405464172363,
    5.556100368499756,
    5.463321208953857,
    6.539690971374512,
    5.746950626373291,
    5.6667985916137695,
    5.484709739685059,
    5.670401573181152,
    5.71607780456543,
    5.594169616699219,
    5.438271999359131,
    5.911360740661621,
    5.951323509216309,
    5.424091339111328,
    5.649892807006836,
    4.928119659423828,
    6.064589023590088,
    6.110972881317139,
    5.5508551597595215,
    5.617349147796631,
    5.975705623626709,
    5.802938938140869,
    5.757850646972656,
    5.245019912719727
  ],
  "val_ppls": [
    36606.920217827144,
    1010.6781214859735,
    761.185133613737,
    691.3981849674268,
    655.3695756308585,
    603.8324729509615,
    523.8459526385205,
    556.1839065040557,
    486.2877916111526,
    464.5153846078387,
    463.8817984471342,
    448.71013362158476,
    433.208629261571,
    428.44877888285833,
    418.0213887202388,
    415.487869420316,
    379.4354217986561,
    381.31151031624864,
    410.7593225072634,
    371.8968743018207,
    372.28297235187125,
    368.70883128981217,
    366.5799717600953,
    355.42556543722816,
    353.94691931174606,
    350.8427254834956,
    347.4060724175473,
    371.92653357352856,
    333.3272220181503,
    345.26406474094006,
    330.930673207363,
    326.7122211396851,
    345.3414085940506,
    325.41741239376444,
    320.84805475146135,
    328.2514576872032,
    315.92187204849085,
    321.6857361311685,
    325.0915323018284,
    309.80337582947845
  ],
  "times": [
    10.186939477920532,
    88.10013461112976,
    171.21040391921997,
    246.01044011116028,
    319.59964990615845,
    396.6909017562866,
    478.58929777145386,
    556.606912612915,
    633.7636325359344,
    713.3539562225342,
    792.707808971405,
    873.0392038822174,
    943.69753074646,
    1020.4426894187927,
    1103.0522437095642,
    1180.51101064682,
    1258.1583230495453,
    1336.1064083576202,
    1412.9199748039246,
    1494.2201583385468,
    1572.6441180706024,
    1652.986789226532,
    1734.2065007686615,
    1814.8699479103088,
    1897.4728615283966,
    1981.3006031513214,
    2063.677179336548,
    2142.3770599365234,
    2225.4041221141815,
    2304.900787115097,
    2385.975521326065,
    2468.4346964359283,
    2546.9164605140686,
    2627.6062998771667,
    2704.4079303741455,
    2785.298135280609,
    2864.153203010559,
    2943.000407934189,
    3027.1235365867615,
    3108.4459311962128
  ],
  "final_ppl": 325.4873434244545,
  "total_time": 3187.7109894752502,
  "peak_vram": 14.452921856
}