{
  "name": "J4_80M_25_75",
  "mode": "hybrid",
  "split": 6,
  "data_tokens": 80000000,
  "steps": 20000,
  "eval_steps": [
    0,
    500,
    1000,
    1500,
    2000,
    2500,
    3000,
    3500,
    4000,
    4500,
    5000,
    5500,
    6000,
    6500,
    7000,
    7500,
    8000,
    8500,
    9000,
    9500,
    10000,
    10500,
    11000,
    11500,
    12000,
    12500,
    13000,
    13500,
    14000,
    14500,
    15000,
    15500,
    16000,
    16500,
    17000,
    17500,
    18000,
    18500,
    19000,
    19500
  ],
  "losses": [
    11.307430267333984,
    6.9399919509887695,
    7.171159267425537,
    7.065546035766602,
    6.65070104598999,
    6.061152458190918,
    7.044341087341309,
    6.502874851226807,
    6.382881164550781,
    5.876056671142578,
    6.628463268280029,
    7.075643539428711,
    6.413330554962158,
    6.307460308074951,
    6.915846347808838,
    6.511187553405762,
    6.38635778427124,
    6.027663707733154,
    6.285019397735596,
    5.927905559539795,
    6.582271575927734,
    6.076797008514404,
    6.376220226287842,
    5.702291965484619,
    5.627067565917969,
    6.586079120635986,
    6.255009174346924,
    5.913244247436523,
    5.319552421569824,
    6.075774192810059,
    5.601992130279541,
    5.800617218017578,
    6.324900150299072,
    5.180670738220215,
    5.9772725105285645,
    6.224945545196533,
    6.278204917907715,
    5.748161315917969,
    5.21665620803833,
    6.091403007507324,
    6.015965938568115,
    6.042040824890137,
    6.039170265197754,
    5.265910625457764,
    6.048686981201172,
    5.661696910858154,
    5.9446916580200195,
    5.370397090911865,
    6.360513687133789,
    5.648853778839111,
    6.147037506103516,
    6.274929523468018,
    5.48740291595459,
    5.599911689758301,
    6.111351490020752,
    5.106929779052734,
    5.162323474884033,
    5.924129009246826,
    5.999720096588135,
    5.597318172454834,
    5.812073230743408,
    5.5105366706848145,
    5.707605361938477,
    6.263065338134766,
    5.8216423988342285,
    5.725887298583984,
    5.615226745605469,
    5.967461109161377,
    5.577019214630127,
    6.243326187133789,
    6.088650226593018,
    5.809280872344971,
    5.906120777130127,
    3.662656784057617,
    5.672642707824707,
    5.786050319671631,
    5.77194356918335,
    5.9493231773376465,
    5.6654767990112305,
    5.229862213134766,
    5.860355854034424,
    6.037177085876465,
    5.267871856689453,
    6.1619977951049805,
    5.223343372344971,
    6.116276264190674,
    5.891109943389893,
    6.055474758148193,
    5.45689058303833,
    5.3563737869262695,
    6.068689823150635,
    5.450568675994873,
    5.809073448181152,
    5.555893898010254,
    5.861746788024902,
    5.991351127624512,
    5.870523929595947,
    5.150918960571289,
    5.40517520904541,
    5.762068271636963,
    5.385814189910889,
    5.942461013793945,
    5.653805732727051,
    5.364050388336182,
    4.9802141189575195,
    4.905992031097412,
    5.918343544006348,
    5.887538433074951,
    6.059791564941406,
    5.071558475494385,
    5.334917068481445,
    5.822085857391357,
    5.674396991729736,
    5.8965959548950195,
    5.15639066696167,
    5.718101501464844,
    6.031129360198975,
    5.395954132080078,
    5.904394149780273,
    5.110762596130371,
    5.680072784423828,
    5.358547687530518,
    5.893482685089111,
    5.492344379425049,
    5.942010879516602,
    6.088376998901367,
    5.841201305389404,
    5.561881065368652,
    5.681537628173828,
    5.669415473937988,
    5.829673767089844,
    5.768686771392822,
    6.206061363220215,
    6.414333820343018,
    5.470384120941162,
    4.568719387054443,
    5.71385383605957,
    5.230359077453613,
    4.074000358581543,
    5.673748970031738,
    5.47273063659668,
    5.822681427001953,
    5.935116291046143,
    5.695989608764648,
    5.462444305419922,
    5.2135539054870605,
    4.800136089324951,
    5.93058967590332,
    5.6471638679504395,
    5.671858787536621,
    5.503634452819824,
    5.684114933013916,
    5.440691947937012,
    4.979259014129639,
    5.365428447723389,
    5.61649751663208,
    4.5291428565979,
    5.343806266784668,
    5.616086483001709,
    5.418367862701416,
    4.6334638595581055,
    5.030507564544678,
    5.828719139099121,
    5.365168571472168,
    5.189915657043457,
    5.642935276031494,
    5.456737995147705,
    4.565112590789795,
    5.3978118896484375,
    5.518961429595947,
    6.094666481018066,
    5.7623677253723145,
    4.828709602355957,
    5.443672180175781,
    5.606721878051758,
    6.727596282958984,
    5.367796897888184,
    5.254964351654053,
    5.107151508331299,
    6.475854396820068,
    5.5204620361328125,
    5.326972961425781,
    5.086434841156006,
    5.528979778289795,
    5.50649881362915,
    5.2598443031311035,
    5.209362030029297,
    5.7133469581604,
    5.5389533042907715,
    5.1680378913879395,
    5.3640522956848145,
    4.582976341247559,
    5.763625621795654,
    5.907199859619141,
    5.3220906257629395,
    5.359316825866699,
    5.741951942443848,
    5.434791088104248,
    5.493414402008057,
    4.8167266845703125
  ],
  "val_ppls": [
    50289.36088502648,
    954.0075378098339,
    731.7329427475976,
    672.8336589456036,
    631.560943898078,
    582.7847534138269,
    500.35860879625284,
    515.4172272747002,
    453.690297263757,
    435.8088046297712,
    434.0416868271006,
    419.686596142171,
    401.7904795187483,
    386.7625831981925,
    383.0614478426042,
    385.5068525318134,
    350.22411243135394,
    340.41468509681596,
    369.05517703838035,
    330.1257370482305,
    325.59026909816106,
    320.2932334880014,
    320.9677263550865,
    306.9590782827968,
    298.671845853335,
    305.379263075345,
    297.66673907613153,
    306.10466862567137,
    283.14241872978545,
    290.246775911775,
    276.5334086812546,
    273.244141929092,
    294.4795883104461,
    268.3001855819986,
    267.45519306152727,
    280.09995004676335,
    261.5856039097997,
    264.6112051024507,
    264.79791872837,
    251.04712829821727
  ],
  "times": [
    11.554906368255615,
    415.00309443473816,
    818.1081171035767,
    1219.825757265091,
    1622.452363729477,
    2025.6319324970245,
    2428.9001309871674,
    2831.236319065094,
    3232.6346600055695,
    3633.0136802196503,
    4035.3640611171722,
    4438.0174787044525,
    4838.6088716983795,
    5238.475749969482,
    5640.610700845718,
    6044.550860404968,
    6448.285445928574,
    6853.007559537888,
    7257.406007528305,
    7661.320557117462,
    8065.6330099105835,
    8469.095341682434,
    8871.876260519028,
    9275.113348960876,
    9679.077153682709,
    10083.833184242249,
    10488.823939085007,
    10895.089376211166,
    11298.741680383682,
    11702.40977025032,
    12105.727704763412,
    12509.601785898209,
    12913.422232866287,
    13318.019936323166,
    13722.28118944168,
    14125.25501871109,
    14528.282814979553,
    14933.12623333931,
    15337.190439462662,
    15743.871725797653
  ],
  "final_ppl": 267.1731375573263,
  "total_time": 16149.03260588646,
  "peak_vram": 14.114361856
}