{
  "name": "J1_80M_50_50",
  "mode": "hybrid",
  "split": 12,
  "data_tokens": 80000000,
  "steps": 20000,
  "eval_steps": [
    0,
    500,
    1000,
    1500,
    2000,
    2500,
    3000,
    3500,
    4000,
    4500,
    5000,
    5500,
    6000,
    6500,
    7000,
    7500,
    8000,
    8500,
    9000,
    9500,
    10000,
    10500,
    11000,
    11500,
    12000,
    12500,
    13000,
    13500,
    14000,
    14500,
    15000,
    15500,
    16000,
    16500,
    17000,
    17500,
    18000,
    18500,
    19000,
    19500
  ],
  "losses": [
    11.310236930847168,
    7.002458095550537,
    7.19828462600708,
    7.069551944732666,
    6.671703338623047,
    6.164677619934082,
    7.058574199676514,
    6.522339344024658,
    6.358980178833008,
    5.907722473144531,
    6.608536243438721,
    7.0142621994018555,
    6.478149890899658,
    6.290186405181885,
    6.918344974517822,
    6.483570098876953,
    6.41185998916626,
    6.080793857574463,
    6.253828525543213,
    5.928936004638672,
    6.611552715301514,
    6.134916305541992,
    6.360021114349365,
    5.687102317810059,
    5.669351100921631,
    6.565765857696533,
    6.308125019073486,
    5.931652069091797,
    5.219407558441162,
    6.118647575378418,
    5.576408863067627,
    5.7911505699157715,
    6.3583502769470215,
    5.284656524658203,
    6.001084804534912,
    6.313045978546143,
    6.216404914855957,
    5.7447638511657715,
    5.264749050140381,
    6.151499271392822,
    6.041824817657471,
    6.030989646911621,
    6.08751106262207,
    5.233702182769775,
    6.115640163421631,
    5.676844596862793,
    5.983656883239746,
    5.412873268127441,
    6.429476261138916,
    5.715388298034668,
    6.1530585289001465,
    6.283378601074219,
    5.45529842376709,
    5.552916049957275,
    6.120674133300781,
    5.056834697723389,
    5.175509452819824,
    6.01156759262085,
    6.033819675445557,
    5.523565769195557,
    5.797699451446533,
    5.504828453063965,
    5.777557373046875,
    6.2165398597717285,
    5.752162933349609,
    5.649219989776611,
    5.582660675048828,
    5.930609226226807,
    5.618585109710693,
    6.2361650466918945,
    6.101004123687744,
    5.843464374542236,
    5.978232383728027,
    3.7700259685516357,
    5.717143535614014,
    5.811955451965332,
    5.769190788269043,
    5.99163293838501,
    5.733747482299805,
    5.1948137283325195,
    5.881159782409668,
    6.0778889656066895,
    5.2184624671936035,
    6.148078918457031,
    5.245040416717529,
    6.137356758117676,
    5.958566665649414,
    6.073318004608154,
    5.4863505363464355,
    5.393803596496582,
    6.219847679138184,
    5.529415130615234,
    5.9022297859191895,
    5.601282119750977,
    5.957137584686279,
    6.005370616912842,
    5.961103916168213,
    5.162677764892578,
    5.377448558807373,
    5.819362640380859,
    5.450648784637451,
    6.005344867706299,
    5.690518379211426,
    5.428964138031006,
    5.083332538604736,
    5.037394046783447,
    5.9189276695251465,
    5.898109436035156,
    6.111433029174805,
    5.082952976226807,
    5.3901686668396,
    5.941066265106201,
    5.779655456542969,
    5.896775722503662,
    5.140542030334473,
    5.826940059661865,
    6.0829243659973145,
    5.345571041107178,
    6.0076212882995605,
    5.228356838226318,
    5.698535919189453,
    5.425681114196777,
    6.079326152801514,
    5.516613960266113,
    6.118370056152344,
    6.0546135902404785,
    5.931824207305908,
    5.659152984619141,
    5.751279830932617,
    5.652346611022949,
    5.890848636627197,
    5.8146514892578125,
    6.253864288330078,
    6.4100775718688965,
    5.464324951171875,
    4.60718297958374,
    5.812211513519287,
    5.278308868408203,
    4.145845890045166,
    5.823835849761963,
    5.60416316986084,
    5.807857036590576,
    5.996659278869629,
    5.702348709106445,
    5.545146942138672,
    5.180638790130615,
    4.838895320892334,
    6.069349765777588,
    5.714962959289551,
    5.801401615142822,
    5.56158971786499,
    5.788589954376221,
    5.524172306060791,
    5.018658638000488,
    5.489990234375,
    5.6919660568237305,
    4.654821395874023,
    5.434469699859619,
    5.625953674316406,
    5.410244941711426,
    4.771393775939941,
    5.0893473625183105,
    5.889293193817139,
    5.437694072723389,
    5.30538272857666,
    5.627815246582031,
    5.483790874481201,
    4.667508602142334,
    5.474211692810059,
    5.555356025695801,
    6.111037731170654,
    5.774228096008301,
    4.877223491668701,
    5.541314601898193,
    5.723118782043457,
    6.790580749511719,
    5.543191909790039,
    5.40765380859375,
    5.181706428527832,
    6.500333786010742,
    5.581533908843994,
    5.446465015411377,
    5.167696475982666,
    5.591348648071289,
    5.561543941497803,
    5.385756492614746,
    5.31377649307251,
    5.858993053436279,
    5.732255458831787,
    5.232707977294922,
    5.492561340332031,
    4.7764997482299805,
    5.877100467681885,
    6.026042461395264,
    5.42610502243042,
    5.43599796295166,
    5.868076801300049,
    5.6004791259765625,
    5.648777008056641,
    4.867859840393066
  ],
  "val_ppls": [
    45045.3170180943,
    967.6855314533781,
    735.0071731553007,
    671.0695831718089,
    638.2034123234969,
    583.7275655955397,
    507.44660221773427,
    524.490199660816,
    460.1104805268233,
    444.44881864592844,
    440.8409465508044,
    424.9790712813081,
    413.1429556106367,
    393.67451605881416,
    391.7390469329259,
    384.5199404711094,
    358.77591106021487,
    361.3313124566542,
    383.46646064056154,
    342.8669058861958,
    342.04463665427807,
    328.65019341216976,
    328.98428825236033,
    316.0557504332385,
    313.0246264107067,
    311.1198515320712,
    313.1745415675297,
    325.21479393825257,
    294.4572051390637,
    301.5875953666388,
    290.0335343516314,
    284.1994015117513,
    297.6643310981678,
    287.5845320123797,
    281.1190153815823,
    292.244645224539,
    274.21541661976084,
    283.9337280607583,
    292.3473002963336,
    270.3928862809892
  ],
  "times": [
    12.883570432662964,
    384.1483051776886,
    759.1312971115112,
    1130.3086075782776,
    1503.5849342346191,
    1875.407886505127,
    2250.8951823711395,
    2624.485112428665,
    2993.949459552765,
    3360.9895968437195,
    3727.480168581009,
    4100.029101848602,
    4472.675167560577,
    4842.537185668945,
    5213.544298887253,
    5586.826321840286,
    5956.899542093277,
    6326.363725423813,
    6698.373008489609,
    7072.465305328369,
    7444.858369112015,
    7815.6434071063995,
    8181.165950298309,
    8554.407861471176,
    8926.490760803223,
    9300.002138376236,
    9671.928432941437,
    10044.412323713303,
    10416.965077161789,
    10787.193148136139,
    11156.677560091019,
    11525.834121227264,
    11897.267284154892,
    12267.418144464493,
    12637.400476932526,
    13010.119447231293,
    13381.883493423462,
    13754.524812936783,
    14126.479128837585,
    14496.587983608246
  ],
  "final_ppl": 282.6006508566214,
  "total_time": 14866.172184228897,
  "peak_vram": 13.51243008
}