{
  "name": "J5_80M_25_75_k5",
  "mode": "hybrid",
  "split": 6,
  "data_tokens": 80000000,
  "steps": 20000,
  "eval_steps": [
    0,
    500,
    1000,
    1500,
    2000,
    2500,
    3000,
    3500,
    4000,
    4500,
    5000,
    5500,
    6000,
    6500,
    7000,
    7500,
    8000,
    8500,
    9000,
    9500,
    10000,
    10500,
    11000,
    11500,
    12000,
    12500,
    13000,
    13500,
    14000,
    14500,
    15000,
    15500,
    16000,
    16500,
    17000,
    17500,
    18000,
    18500,
    19000,
    19500
  ],
  "losses": [
    11.307893753051758,
    6.956770420074463,
    7.166401386260986,
    7.07594633102417,
    6.646574020385742,
    6.0570831298828125,
    7.0152716636657715,
    6.543533802032471,
    6.356146335601807,
    5.8596038818359375,
    6.607787132263184,
    7.095580577850342,
    6.4409003257751465,
    6.296922206878662,
    6.969979763031006,
    6.487640857696533,
    6.3873701095581055,
    6.05079460144043,
    6.223554611206055,
    5.884271144866943,
    6.561521053314209,
    6.056019306182861,
    6.36013126373291,
    5.69357442855835,
    5.657907485961914,
    6.549635887145996,
    6.281092166900635,
    5.996622085571289,
    5.264322757720947,
    6.033695220947266,
    5.565524101257324,
    5.8080010414123535,
    6.364353179931641,
    5.179066181182861,
    6.000927448272705,
    6.223970413208008,
    6.292754173278809,
    5.742979526519775,
    5.202339172363281,
    6.09288215637207,
    6.035542964935303,
    6.032395839691162,
    6.0967254638671875,
    5.254396915435791,
    6.05202054977417,
    5.685967922210693,
    5.980957984924316,
    5.360254287719727,
    6.3897881507873535,
    5.633022785186768,
    6.2084197998046875,
    6.259705066680908,
    5.497830867767334,
    5.59462308883667,
    6.106024265289307,
    5.080145835876465,
    5.2090911865234375,
    5.945375442504883,
    6.019876956939697,
    5.558337688446045,
    5.792359828948975,
    5.581464767456055,
    5.731847286224365,
    6.25811767578125,
    5.802621841430664,
    5.746133804321289,
    5.606901168823242,
    5.949002265930176,
    5.609994411468506,
    6.194731712341309,
    6.071423530578613,
    5.810646057128906,
    5.92436408996582,
    3.709193229675293,
    5.639451503753662,
    5.778642177581787,
    5.815624713897705,
    5.95448112487793,
    5.618056297302246,
    5.196898460388184,
    5.896015167236328,
    6.074509143829346,
    5.2710466384887695,
    6.109690189361572,
    5.221621513366699,
    6.131796360015869,
    5.845181941986084,
    6.04628849029541,
    5.47653865814209,
    5.407601356506348,
    6.078246116638184,
    5.500436782836914,
    5.9102373123168945,
    5.485510349273682,
    5.881270885467529,
    6.0104827880859375,
    5.881131649017334,
    5.0960259437561035,
    5.391870975494385,
    5.7274909019470215,
    5.414923667907715,
    5.977531433105469,
    5.66614294052124,
    5.257436275482178,
    4.92836332321167,
    4.985991954803467,
    5.920773506164551,
    5.814752101898193,
    6.101805686950684,
    5.073150634765625,
    5.300905704498291,
    5.8854289054870605,
    5.666904926300049,
    5.829527378082275,
    5.0217604637146,
    5.688717365264893,
    6.037814617156982,
    5.325481414794922,
    5.9043450355529785,
    5.11010217666626,
    5.674905300140381,
    5.400924205780029,
    5.893119812011719,
    5.480783462524414,
    6.07266092300415,
    6.0943522453308105,
    5.867108345031738,
    5.559975624084473,
    5.7459025382995605,
    5.6579060554504395,
    5.837017059326172,
    5.76857328414917,
    6.195270538330078,
    6.441848278045654,
    5.426820278167725,
    4.601766109466553,
    5.725704193115234,
    5.26116943359375,
    4.0557122230529785,
    5.692180633544922,
    5.5066752433776855,
    5.819280624389648,
    5.9434051513671875,
    5.616735458374023,
    5.516617774963379,
    5.25850772857666,
    4.797661781311035,
    5.963505268096924,
    5.678770065307617,
    5.778185844421387,
    5.535035133361816,
    5.7121381759643555,
    5.465222358703613,
    4.97042989730835,
    5.38694429397583,
    5.619196891784668,
    4.541508197784424,
    5.319093227386475,
    5.631154537200928,
    5.3590264320373535,
    4.678001880645752,
    5.000906944274902,
    5.855189323425293,
    5.439355850219727,
    5.291542053222656,
    5.652983665466309,
    5.462195873260498,
    4.592732906341553,
    5.429421901702881,
    5.556901931762695,
    6.136327743530273,
    5.745211601257324,
    4.812448501586914,
    5.5618696212768555,
    5.547683238983154,
    6.757383346557617,
    5.473939895629883,
    5.254109859466553,
    5.0855207443237305,
    6.513330936431885,
    5.529139041900635,
    5.279122829437256,
    5.132177829742432,
    5.5489726066589355,
    5.474323749542236,
    5.322152137756348,
    5.2599406242370605,
    5.652538776397705,
    5.631746292114258,
    5.136312961578369,
    5.437642574310303,
    4.640676498413086,
    5.804670333862305,
    5.891618728637695,
    5.397561073303223,
    5.378884315490723,
    5.804579734802246,
    5.446009159088135,
    5.52675724029541,
    4.819662570953369
  ],
  "val_ppls": [
    50034.38689766574,
    942.8446746930254,
    720.7289147903012,
    653.7323956382745,
    624.1209032232883,
    573.7274621955297,
    498.8926934090237,
    516.1931081389658,
    453.0944804544875,
    436.8649895283935,
    431.7782501287336,
    421.29526786124626,
    410.49832170887095,
    395.23034172869654,
    384.7069150686188,
    386.6324682679091,
    346.38391073458206,
    346.58684722740975,
    367.6197805819109,
    329.0005920426021,
    325.51827854012816,
    317.36694694245784,
    321.7050280183158,
    306.20052116423096,
    303.10990638732244,
    307.564598926762,
    297.76403881381106,
    307.7314002674585,
    286.07608823659564,
    289.9740049172687,
    277.3727777593417,
    270.9286876067162,
    285.77393719512986,
    268.8286215329484,
    265.61531187351017,
    279.3160229772936,
    259.69320590667303,
    263.3218277146081,
    264.95136361555916,
    253.98361808029887
  ],
  "times": [
    11.757153272628784,
    243.38937711715698,
    475.3238067626953,
    708.5610077381134,
    941.8958756923676,
    1172.649517774582,
    1404.8861379623413,
    1637.8101079463959,
    1871.1891224384308,
    2105.162985563278,
    2338.1507358551025,
    2571.434985637665,
    2803.524746656418,
    3035.4224524497986,
    3268.3819468021393,
    3501.221004486084,
    3733.995584487915,
    3965.5453543663025,
    4197.616454601288,
    4431.389211893082,
    4662.92147898674,
    4896.192797660828,
    5128.84090924263,
    5359.940840959549,
    5590.37206864357,
    5821.261790752411,
    6054.550928592682,
    6289.117802858353,
    6521.997048139572,
    6756.055357217789,
    6990.4431693553925,
    7223.007435083389,
    7455.944910526276,
    7689.262283563614,
    7922.629292488098,
    8154.725821256638,
    8385.270408391953,
    8617.099075555801,
    8850.8141477108,
    9084.874943971634
  ],
  "final_ppl": 263.14731145756986,
  "total_time": 9317.682166337967,
  "peak_vram": 14.114361856
}