{
  "name": "J3_80M_50_50_k30",
  "mode": "hybrid",
  "split": 12,
  "data_tokens": 80000000,
  "steps": 20000,
  "eval_steps": [
    0,
    500,
    1000,
    1500,
    2000,
    2500,
    3000,
    3500,
    4000,
    4500,
    5000,
    5500,
    6000,
    6500,
    7000,
    7500,
    8000,
    8500,
    9000,
    9500,
    10000,
    10500,
    11000,
    11500,
    12000,
    12500,
    13000,
    13500,
    14000,
    14500,
    15000,
    15500,
    16000,
    16500,
    17000,
    17500,
    18000,
    18500,
    19000,
    19500
  ],
  "losses": [
    11.310233116149902,
    6.995239734649658,
    7.208792209625244,
    7.0703606605529785,
    6.668398380279541,
    6.128971576690674,
    7.051928997039795,
    6.515542984008789,
    6.431088924407959,
    5.907399654388428,
    6.623464584350586,
    7.080241680145264,
    6.463723182678223,
    6.3090500831604,
    6.933501243591309,
    6.461038112640381,
    6.3979902267456055,
    6.069404125213623,
    6.299056053161621,
    5.9137187004089355,
    6.576584339141846,
    6.127532482147217,
    6.392165660858154,
    5.705761432647705,
    5.58944845199585,
    6.600204944610596,
    6.353053569793701,
    5.951144218444824,
    5.254207134246826,
    5.995022296905518,
    5.652080535888672,
    5.814487457275391,
    6.376088619232178,
    5.176122665405273,
    6.041136264801025,
    6.282654762268066,
    6.2288336753845215,
    5.768519878387451,
    5.217907428741455,
    6.091597080230713,
    6.073265552520752,
    6.013686180114746,
    6.097476482391357,
    5.25840425491333,
    6.097442150115967,
    5.735606670379639,
    5.962527751922607,
    5.396106719970703,
    6.367800235748291,
    5.715898513793945,
    6.156026840209961,
    6.261251926422119,
    5.492079734802246,
    5.58809757232666,
    6.139524459838867,
    5.150243282318115,
    5.200326919555664,
    6.0141191482543945,
    6.049220561981201,
    5.589042663574219,
    5.8062567710876465,
    5.640094757080078,
    5.763664245605469,
    6.289055824279785,
    5.790928363800049,
    5.688204765319824,
    5.6130051612854,
    5.945103645324707,
    5.596645355224609,
    6.198432445526123,
    6.084643363952637,
    5.861289978027344,
    5.969856262207031,
    3.750450849533081,
    5.7241058349609375,
    5.834419250488281,
    5.782924175262451,
    6.008402347564697,
    5.756394863128662,
    5.211630821228027,
    5.953705310821533,
    6.053468704223633,
    5.286004543304443,
    6.1556010246276855,
    5.368798732757568,
    6.132109642028809,
    5.989598751068115,
    6.063104152679443,
    5.5042829513549805,
    5.497314929962158,
    6.154222011566162,
    5.49848747253418,
    5.9241251945495605,
    5.594639301300049,
    5.956377983093262,
    6.043046951293945,
    5.914949417114258,
    5.23268985748291,
    5.423202991485596,
    5.854556560516357,
    5.499149799346924,
    6.037534236907959,
    5.740128993988037,
    5.379626750946045,
    5.007580280303955,
    5.087146282196045,
    5.944685459136963,
    5.951613426208496,
    6.16451358795166,
    5.096855163574219,
    5.393352031707764,
    5.874981880187988,
    5.753837585449219,
    6.012543678283691,
    5.194930076599121,
    5.816143989562988,
    6.083731174468994,
    5.388660907745361,
    6.01706075668335,
    5.240966320037842,
    5.7402663230896,
    5.413169860839844,
    5.941932678222656,
    5.554762840270996,
    6.114369869232178,
    6.0520548820495605,
    5.9617767333984375,
    5.680202960968018,
    5.76820707321167,
    5.683858394622803,
    5.848753929138184,
    5.845731735229492,
    6.252118110656738,
    6.443561553955078,
    5.5177083015441895,
    4.69416618347168,
    5.8071112632751465,
    5.355429649353027,
    4.224856853485107,
    5.763844966888428,
    5.595717906951904,
    5.869524002075195,
    5.993026256561279,
    5.762381553649902,
    5.555882930755615,
    5.271845817565918,
    4.878942489624023,
    6.08769416809082,
    5.708094120025635,
    5.807776927947998,
    5.632698059082031,
    5.827594757080078,
    5.476603031158447,
    5.067193508148193,
    5.477910041809082,
    5.646146297454834,
    4.660189628601074,
    5.43319845199585,
    5.681044101715088,
    5.473219394683838,
    4.799576282501221,
    5.093441963195801,
    5.934531211853027,
    5.489867210388184,
    5.3371357917785645,
    5.646097660064697,
    5.442966938018799,
    4.734563827514648,
    5.4879865646362305,
    5.599008083343506,
    6.137351036071777,
    5.813235759735107,
    4.92909574508667,
    5.551822662353516,
    5.6568922996521,
    6.828287124633789,
    5.579559803009033,
    5.475645542144775,
    5.235432147979736,
    6.633129596710205,
    5.537968635559082,
    5.45670223236084,
    5.196516990661621,
    5.584558963775635,
    5.651118278503418,
    5.397350788116455,
    5.326979637145996,
    5.745071887969971,
    5.776455879211426,
    5.215625286102295,
    5.505319118499756,
    4.703733921051025,
    5.921297550201416,
    5.968745231628418,
    5.4170050621032715,
    5.4039506912231445,
    5.830164432525635,
    5.571239948272705,
    5.629003524780273,
    4.92570686340332
  ],
  "val_ppls": [
    45053.76793169235,
    965.9585173778,
    751.1657715652298,
    672.9492980503611,
    642.7061069529708,
    592.7016273382415,
    512.3443847998251,
    532.4697577535472,
    468.49251963610925,
    448.8322363299362,
    451.5913123341081,
    432.104901975512,
    418.32527639257216,
    407.34688399100287,
    400.1046588660426,
    402.9215490587411,
    360.880598507494,
    356.14461327225337,
    381.6324958123701,
    342.59376063473104,
    347.17286085390464,
    341.2856222066201,
    337.9708950988474,
    323.4899669526807,
    318.4442252976519,
    317.281408476737,
    315.016614971875,
    328.37710793414834,
    299.5929430887716,
    305.136008435236,
    298.8080159443063,
    291.8699296507817,
    302.6723255168085,
    288.2432071624023,
    289.3901067096033,
    306.81272758691625,
    282.87952735827906,
    283.3432069781248,
    283.1914923135748,
    274.62691887946363
  ],
  "times": [
    11.940871238708496,
    987.4745199680328,
    1964.4926822185516,
    2939.5317709445953,
    3915.340640068054,
    4888.6597905159,
    5863.649301528931,
    6835.854887008667,
    7815.235015630722,
    8787.611411571503,
    9760.75257229805,
    10731.967578172684,
    11703.313804149628,
    12676.18423962593,
    13649.763736009598,
    14621.222307920456,
    15593.750787973404,
    16568.2496509552,
    17543.50934934616,
    18516.81440973282,
    19489.88854598999,
    20462.33813881874,
    21435.15717983246,
    22407.394020795822,
    23380.11487174034,
    24352.30455493927,
    25326.111934900284,
    26301.046001434326,
    27274.423230409622,
    28246.490342378616,
    29218.426843881607,
    30192.406286478043,
    31164.11494088173,
    32140.129187107086,
    33113.02545428276,
    34088.29460835457,
    35060.969908475876,
    36037.417637348175,
    37008.873933553696,
    37980.691568136215
  ],
  "final_ppl": 289.862637764089,
  "total_time": 38952.36873483658,
  "peak_vram": 13.51243008
}